Workbook

Sheet Raw_Data_Original
A1: title | B1: magnitude | C1: date_time | D1: cdi | E1: mmi | F1: alert | G1: tsunami | H1: sig | I1: net | J1: nst | K1: dmin | L1: gap | M1: magType | N1: depth | O1: latitude | P1: longitude | Q1: location | R1: continent | S1: country
A2: M 6.5 - 42 km W of Sola, Vanuatu | B2: 6.5 | C2: 16/08/2023 12:47 | D2: 7 | E2: 4 | F2: green | G2: 0 | H2: 657 | I2: us | J2: 114 | K2: 7.177 | L2: 25 | M2: mww | N2: 192.955 | O2: -13.8814 | P2: 167.158 | Q2: Sola, Vanuatu | S2: Vanuatu
A3: M 6.5 - 43 km S of Intipucá, El Salvador | B3: 6.5 | C3: 19/07/2023 00:22 | D3: 8 | E3: 6 | F3: yellow | G3: 0 | H3: 775 | I3: us | J3: 92 | K3: 0.679 | L3: 40 | M3: mww | N3: 69.727 | O3: 12.814 | P3: -88.1265 | Q3: Intipucá, El Salvador
A4: M 6.6 - 25 km ESE of Loncopué, Argentina | B4: 6.6 | C4: 17/07/2023 03:05 | D4: 7 | E4: 5 | F4: green | G4: 0 | H4: 899 | I4: us | J4: 70 | K4: 1.634 | L4: 28 | M4: mww | N4: 171.371 | O4: -38.1911 | P4: -70.3731 | Q4: Loncopué, Argentina | R4: South America | S4: Argentina
A5: M 7.2 - 98 km S of Sand Point, Alaska | B5: 7.2 | C5: 16/07/2023 06:48 | D5: 6 | E5: 6 | F5: green | G5: 1 | H5: 860 | I5: us | J5: 173 | K5: 0.907 | L5: 36 | M5: mww | N5: 32.571 | O5: 54.3844 | P5: -160.699 | Q5: Sand Point, Alaska
A6: M 7.3 - Alaska Peninsula | B6: 7.3 | C6: 16/07/2023 06:48 | D6: 0 | E6: 5 | G6: 1 | H6: 820 | I6: at | J6: 79 | K6: 0.879451 | L6: 172.8 | M6: Mi | N6: 21 | O6: 54.49 | P6: -160.796 | Q6: Alaska Peninsula
A7: M 6.6 - 277 km NNE of Codrington, Antigua and Barbuda | B7: 6.6 | C7: 10/07/2023 20:28 | D7: 5 | E7: 4 | F7: green | G7: 1 | H7: 802 | I7: us | J7: 95 | K7: 2.454 | L7: 37 | M7: mww | N7: 10 | O7: 20.0196 | P7: -61.0955 | Q7: Codrington, Antigua and Barbuda
A8: M 6.9 - Tonga | B8: 6.9 | C8: 02/07/2023 10:27 | D8: 4 | E8: 4 | F8: green | G8: 1 | H8: 741 | I8: us | J8: 136 | K8: 1.179 | L8: 23 | M8: mww | N8: 229 | O8: -17.853 | P8: -174.937 | Q8: Tonga
A9: M 7.2 - south of the Fiji Islands | B9: 7.2 | C9: 15/06/2023 18:06 | D9: 8 | E9: 6 | F9: green | G9: 1 | H9: 804 | I9: us | J9: 85 | K9: 2.59 | L9: 24 | M9: mww | N9: 167.404 | O9: -22.9824 | P9: -177.208 | Q9: the Fiji Islands
A10: M 6.6 - Panama-Colombia border region | B10: 6.6 | C10: 25/05/2023 03:05 | D10: 6 | E10: 6 | F10: green | G10: 1 | H10: 733 | I10: us | J10: 50 | K10: 2.163 | L10: 129 | M10: mww | N10: 10 | O10: 8.8894 | P10: -77.1231 | Q10: Panama-Colombia border region | S10: Colombia
A11: M 7.1 - southeast of the Loyalty Islands | B11: 7.1 | C11: 20/05/2023 01:51 | D11: 3 | E11: 4 | F11: green | G11: 1 | H11: 777 | I11: us | J11: 98 | K11: 2.812 | L11: 56 | M11: mww | N11: 35.981 | O11: -23.0622 | P11: 170.456 | Q11: the Loyalty Islands
A12: M 7.7 - southeast of the Loyalty Islands | B12: 7.7 | C12: 19/05/2023 02:57 | D12: 5 | E12: 4 | F12: green | G12: 1 | H12: 927 | I12: us | J12: 277 | K12: 3.111 | L12: 15 | M12: mww | N12: 18.027 | O12: -23.2286 | P12: 170.694 | Q12: the Loyalty Islands
A13: M 7.6 - 95 km WNW of Hihifo, Tonga | B13: 7.6 | C13: 10/05/2023 16:02 | D13: 8 | E13: 6 | F13: green | G13: 1 | H13: 907 | I13: us | J13: 111 | K13: 3.631 | L13: 17 | M13: mww | N13: 210.097 | O13: -15.6002 | P13: -174.608 | Q13: Hihifo, Tonga
A14: M 6.6 - south of the Fiji Islands | B14: 6.6 | C14: 28/04/2023 03:13 | D14: 0 | E14: 2 | F14: green | G14: 0 | H14: 670 | I14: us | J14: 52 | K14: 5.123 | L14: 50 | M14: mww | N14: 598.467 | O14: -25.2657 | P14: 178.424 | Q14: the Fiji Islands
A15: M 7.1 - 170 km SSE of Teluk Dalam, Indonesia | B15: 7.1 | C15: 24/04/2023 20:00 | D15: 9 | E15: 7 | F15: green | G15: 0 | H15: 838 | I15: us | J15: 70 | K15: 2.282 | L15: 58 | M15: mww | N15: 15.462 | O15: -0.781 | P15: 98.5339 | Q15: Teluk Dalam, Indonesia | S15: Indonesia
A16: M 7.1 - Kermadec Islands, New Zealand | B16: 7.1 | C16: 24/04/2023 00:41 | D16: 8 | E16: 7 | F16: green | G16: 1 | H16: 777 | I16: us | J16: 126 | K16: 0.708 | L16: 23 | M16: mww | N16: 43.063 | O16: -30.0249 | P16: -177.897 | Q16: Kermadec Islands, New Zealand
A17: M 6.7 - south of the Fiji Islands | B17: 6.7 | C17: 18/04/2023 04:31 | D17: 0 | E17: 3 | F17: green | G17: 1 | H17: 691 | I17: us | J17: 166 | K17: 4.719 | L17: 10 | M17: mww | N17: 595.854 | O17: -22.2844 | P17: 179.391 | Q17: the Fiji Islands
A18: M 7.0 - 96 km N of Tuban, Indonesia | B18: 7 | C18: 14/04/2023 09:55 | D18: 5 | E18: 3 | F18: green | G18: 0 | H18: 818 | I18: us | J18: 131 | K18: 1.881 | L18: 31 | M18: mww | N18: 594.028 | O18: -6.0255 | P18: 112.033 | Q18: Tuban, Indonesia | S18: Indonesia
A19: M 6.5 - near the east coast of the Kamchatka Peninsula, Russia | B19: 6.5 | C19: 03/04/2023 03:06 | D19: 7 | E19: 6 | F19: yellow | G19: 1 | H19: 655 | I19: us | J19: 104 | K19: 0.266 | L19: 30 | M19: mww | N19: 105.631 | O19: 52.7772 | P19: 158.484 | Q19: the Kamchatka Peninsula, Russia | R19: Asia | S19: Russian Federation (the)
A20: M 7.0 - New Guinea, Papua New Guinea | B20: 7 | C20: 02/04/2023 18:04 | D20: 7 | E20: 7 | F20: green | G20: 1 | H20: 781 | I20: us | J20: 105 | K20: 6.45 | L20: 31 | M20: mww | N20: 62.603 | O20: -4.2924 | P20: 143.155 | Q20: New Guinea, Papua New Guinea | R20: Asia | S20: Papua New Guinea
A21: M 6.5 - 84 km NNW of San Antonio de los Cobres, Argentina | B21: 6.5 | C21: 22/03/2023 16:00 | D21: 4 | E21: 4 | F21: green | G21: 0 | H21: 656 | I21: us | J21: 97 | K21: 1.622 | L21: 33 | M21: mww | N21: 209.976 | O21: -23.4797 | P21: -66.5108 | Q21: San Antonio de los Cobres, Argentina | R21: South America | S21: Argentina
A22: M 6.5 - 40 km SSE of Jurm, Afghanistan | B22: 6.5 | C22: 21/03/2023 16:47 | D22: 7 | E22: 5 | F22: green | G22: 0 | H22: 1350 | I22: us | J22: 134 | K22: 2.53 | L22: 13 | M22: mww | N22: 187.589 | O22: 36.5227 | P22: 70.9787 | Q22: Jurm, Afghanistan | R22: Asia | S22: Afghanistan
A23: M 6.8 - near the coast of Ecuador | B23: 6.8 | C23: 18/03/2023 17:12 | D23: 9 | E23: 7 | F23: orange | G23: 1 | H23: 1159 | I23: us | J23: 152 | K23: 0.709 | L23: 28 | M23: mww | N23: 65.842 | O23: -2.851 | P23: -79.8001 | Q23: Ecuador | R23: South America | S23: Ecuador
A24: M 7.0 - Kermadec Islands region | B24: 7 | C24: 16/03/2023 00:56 | D24: 8 | E24: 5 | F24: green | G24: 1 | H24: 756 | I24: us | J24: 116 | K24: 1.789 | L24: 22 | M24: mww | N24: 22.065 | O24: -30.1147 | P24: -176.112 | Q24: Kermadec Islands region
A25: M 6.9 - Kermadec Islands, New Zealand | B25: 6.9 | C25: 04/03/2023 06:41 | D25: 5 | E25: 5 | F25: green | G25: 1 | H25: 735 | I25: us | J25: 108 | K25: 0.784 | L25: 18 | M25: mww | N25: 205.681 | O25: -29.4748 | P25: -178.787 | Q25: Kermadec Islands, New Zealand
A26: M 6.5 - 86 km WSW of Port-Olry, Vanuatu | B26: 6.5 | C26: 02/03/2023 18:04 | D26: 7 | E26: 6 | F26: green | G26: 1 | H26: 653 | I26: us | J26: 66 | K26: 5.483 | L26: 45 | M26: mww | N26: 10 | O26: -15.3597 | P26: 166.385 | Q26: Port-Olry, Vanuatu
A27: M 6.5 - 108 km NW of Kimbe, Papua New Guinea | B27: 6.5 | C27: 01/03/2023 05:36 | D27: 4 | E27: 2 | F27: green | G27: 1 | H27: 652 | I27: us | J27: 115 | K27: 2.739 | L27: 20 | M27: mww | N27: 598.925 | O27: -4.8138 | P27: 149.487 | Q27: Kimbe, Papua New Guinea | S27: Papua New Guinea
A28: M 6.8 - 67 km W of Murghob, Tajikistan | B28: 6.8 | C28: 23/02/2023 00:37 | D28: 9 | E28: 7 | F28: green | G28: 0 | H28: 737 | I28: us | J28: 128 | K28: 1.783 | L28: 20 | M28: mww | N28: 20.522 | O28: 38.0726 | P28: 73.2077 | Q28: Murghob, Tajikistan | R28: Asia | S28: Tajikistan
A29: M 7.5 - 4 km SSE of Ekinözü, Turkey | B29: 7.5 | C29: 06/02/2023 10:24 | D29: 9 | E29: 9 | F29: orange | G29: 0 | H29: 1411 | I29: us | J29: 135 | K29: 0.85 | L29: 17 | M29: mww | N29: 10 | O29: 38.0235 | P29: 37.203 | Q29: Ekinözü, Turkey | R29: Asia | S29: Turkiye
A30: M 6.7 - 18 km ESE of Nurdağı, Turkey | B30: 6.7 | C30: 06/02/2023 01:28 | D30: 9 | E30: 8 | F30: yellow | G30: 0 | H30: 800 | I30: us | J30: 108 | K30: 0.218 | L30: 44 | M30: mww | N30: 14.497 | O30: 37.4135 | P30: 36.8306 | Q30: Nurdağı, Turkey | R30: Asia | S30: Turkiye
A31: M 7.8 - Central Turkey | B31: 7.8 | C31: 06/02/2023 01:17 | D31: 9 | E31: 9 | F31: red | G31: 0 | H31: 2910 | I31: us | J31: 118 | K31: 1.919 | L31: 32 | M31: mww | N31: 17.925 | O31: 37.2012 | P31: 36.9997 | Q31: Central Turkey | R31: Asia | S31: Turkiye
A32: M 6.8 - | B32: 6.8 | C32: 20/01/2023 22:09 | D32: 4 | E32: 3 | F32: green | G32: 0 | H32: 718 | I32: us | J32: 60 | K32: 5.129 | L32: 61 | M32: mww | N32: 610.671 | O32: -26.7209 | P32: -63.0394 | R32: South America | S32: Argentina
A33: M 7.0 - 153 km NW of Tobelo, Indonesia | B33: 7 | C33: 18/01/2023 06:06 | D33: 3 | E33: 5 | F33: green | G33: 1 | H33: 756 | I33: us | J33: 130 | K33: 1.974 | L33: 17 | M33: mwc | N33: 28.566 | O33: 2.7401 | P33: 127.051 | Q33: Tobelo, Indonesia | S33: Indonesia
A34: M 7.6 - Pulau Pulau Tanimbar, Indonesia | B34: 7.6 | C34: 09/01/2023 17:47 | D34: 5 | E34: 7 | F34: green | G34: 0 | H34: 957 | I34: us | J34: 114 | K34: 1.575 | L34: 21 | M34: mww | N34: 105.249 | O34: -7.0852 | P34: 130.039 | Q34: Pulau Pulau Tanimbar, Indonesia | S34: Indonesia
A35: M 7.0 - Vanuatu | B35: 7 | C35: 08/01/2023 12:32 | D35: 8 | E35: 7 | F35: green | G35: 1 | H35: 768 | I35: us | J35: 116 | K35: 6.096 | L35: 36 | M35: mww | N35: 29 | O35: -14.9383 | P35: 166.878 | Q35: Vanuatu | S35: Vanuatu
A36: M 6.8 - 109 km NE of Hihifo, Tonga | B36: 6.8 | C36: 04/12/2022 19:24 | D36: 5 | E36: 5 | F36: green | G36: 1 | H36: 720 | I36: us | J36: 152 | K36: 2.587 | L36: 26 | M36: mww | N36: 38 | O36: -15.3983 | P36: -172.968 | Q36: Hihifo, Tonga
A37: M 7.0 - 18 km SW of Malango, Solomon Islands | B37: 7 | C37: 22/11/2022 02:03 | D37: 8 | E37: 7 | F37: green | G37: 1 | H37: 768 | I37: us | J37: 117 | K37: 0.509 | L37: 17 | M37: mww | N37: 14 | O37: -9.7963 | P37: 159.596 | Q37: Malango, Solomon Islands | R37: Oceania | S37: Solomon Islands
A38: M 6.9 - 204 km SW of Bengkulu, Indonesia | B38: 6.9 | C38: 18/11/2022 13:37 | D38: 4 | E38: 4 | F38: green | G38: 0 | H38: 735 | I38: us | J38: 99 | K38: 2.229 | L38: 34 | M38: mww | N38: 25 | O38: -4.9559 | P38: 100.738 | Q38: Bengkulu, Indonesia
A39: M 7.0 - | B39: 7 | C39: 12/11/2022 07:09 | D39: 3 | E39: 3 | F39: green | G39: 1 | H39: 755 | I39: us | J39: 147 | K39: 3.125 | L39: 18 | M39: mww | N39: 579 | O39: -20.0508 | P39: -178.346 | R39: Oceania | S39: Fiji
A40: M 7.3 - 205 km ESE of Neiafu, Tonga | B40: 7.3 | C40: 11/11/2022 10:48 | D40: 5 | E40: 5 | F40: green | G40: 1 | H40: 833 | I40: us | J40: 149 | K40: 1.865 | L40: 21 | M40: mww | N40: 37 | O40: -19.2918 | P40: -172.129 | Q40: Neiafu, Tonga
A41: M 6.6 - | B41: 6.6 | C41: 09/11/2022 10:14 | D41: 0 | E41: 2 | F41: green | G41: 1 | H41: 670 | I41: us | J41: 131 | K41: 4.998 | L41: 27 | M41: mww | N41: 624.464 | O41: -25.5948 | P41: 178.278
A42: M 7.0 - south of the Fiji Islands | B42: 7 | C42: 09/11/2022 09:51 | D42: 4 | E42: 3 | F42: green | G42: 1 | H42: 755 | I42: us | J42: 142 | K42: 4.578 | L42: 26 | M42: mwb | N42: 660 | O42: -26.0442 | P42: 178.381 | Q42: the Fiji Islands
A43: M 6.8 - south of the Fiji Islands | B43: 6.8 | C43: 09/11/2022 09:38 | D43: 1 | E43: 3 | F43: green | G43: 1 | H43: 711 | I43: us | J43: 136 | K43: 4.678 | L43: 22 | M43: mww | N43: 630.379 | O43: -25.9678 | P43: 178.363 | Q43: the Fiji Islands
A44: M 6.7 - 60 km SSW of Boca Chica, Panama | B44: 6.7 | C44: 20/10/2022 11:57 | D44: 7 | E44: 6 | F44: green | G44: 1 | H44: 797 | I44: us | J44: 145 | K44: 1.151 | L44: 37 | M44: mww | N44: 20 | O44: 7.6712 | P44: -82.3396 | Q44: Boca Chica, Panama | S44: Panama
A45: M 6.8 - 55 km SSW of Aguililla, Mexico | B45: 6.8 | C45: 22/09/2022 06:16 | D45: 8 | E45: 7 | F45: yellow | G45: 1 | H45: 1179 | I45: us | J45: 175 | K45: 2.137 | L45: 92 | M45: mww | N45: 20 | O45: 18.33 | P45: -102.913 | Q45: Aguililla, Mexico | R45: North America | S45: Mexico
A46: M 7.6 - 35 km SSW of Aguililla, Mexico | B46: 7.6 | C46: 19/09/2022 18:05 | D46: 9 | E46: 8 | F46: yellow | G46: 1 | H46: 1799 | I46: us | J46: 271 | K46: 1.153 | L46: 69 | M46: mww | N46: 26.943 | O46: 18.3667 | P46: -103.252 | Q46: Aguililla, Mexico | R46: North America | S46: Mexico
A47: M 6.9 - 90 km E of Yujing, Taiwan | B47: 6.9 | C47: 18/09/2022 06:44 | D47: 9 | E47: 9 | F47: yellow | G47: 1 | H47: 887 | I47: us | J47: 215 | K47: 0.401 | L47: 34 | M47: mww | N47: 10 | O47: 23.1444 | P47: 121.307 | Q47: Yujing, Taiwan | R47: Asia | S47: Taiwan
A48: M 6.5 - 96 km SE of Lugu, Taiwan | B48: 6.5 | C48: 17/09/2022 13:41 | D48: 7 | E48: 7 | F48: green | G48: 1 | H48: 756 | I48: us | J48: 178 | K48: 0.43 | L48: 54 | M48: mww | N48: 10 | O48: 23.029 | P48: 121.348 | Q48: Lugu, Taiwan | R48: Asia | S48: Taiwan
A49: M 7.0 - 209 km SSE of Isangel, Vanuatu | B49: 7 | C49: 14/09/2022 11:04 | D49: 7 | E49: 5 | F49: green | G49: 1 | H49: 761 | I49: us | J49: 192 | K49: 2.977 | L49: 45 | M49: mww | N49: 137 | O49: -21.2077 | P49: 170.239 | Q49: Isangel, Vanuatu
A50: M 7.6 - 70 km E of Kainantu, Papua New Guinea | B50: 7.6 | C50: 10/09/2022 23:47 | D50: 8 | E50: 8 | F50: yellow | G50: 1 | H50: 965 | I50: us | J50: 272 | K50: 3.158 | L50: 12 | M50: mww | N50: 116 | O50: -6.2237 | P50: 146.471 | Q50: Kainantu, Papua New Guinea | R50: Oceania | S50: Papua New Guinea
A51: M 6.6 - 44 km SE of Kangding, China | B51: 6.6 | C51: 05/09/2022 04:52 | D51: 9 | E51: 8 | F51: orange | G51: 0 | H51: 1043 | I51: us | J51: 141 | K51: 8.454 | L51: 34 | M51: mww | N51: 12 | O51: 29.7263 | P51: 102.279 | Q51: Kangding, China | R51: Asia | S51: People's Republic of China
A52: M 6.6 - south of the Kermadec Islands | B52: 6.6 | C52: 14/08/2022 13:44 | D52: 7 | E52: 6 | F52: green | G52: 1 | H52: 672 | I52: us | J52: 68 | K52: 5.293 | L52: 34 | M52: mww | N52: 30 | O52: -32.6922 | P52: -178.959 | Q52: the Kermadec Islands
A53: M 7.0 - 11 km NE of Bantay, Philippines | B53: 7 | C53: 27/07/2022 00:43 | D53: 9 | E53: 8 | F53: yellow | G53: 1 | H53: 1351 | I53: us | J53: 152 | K53: 5.276 | L53: 22 | M53: mww | N53: 33.729 | O53: 17.5978 | P53: 120.809 | Q53: Bantay, Philippines | R53: Asia | S53: Philippines
A54: M 6.5 - 107 km SSW of Tarauacá, Brazil | B54: 6.5 | C54: 08/06/2022 00:55 | D54: 3 | E54: 2 | F54: green | G54: 0 | H54: 653 | I54: us | J54: 236 | K54: 1.999 | L54: 31 | M54: mww | N54: 622.73 | O54: -9.0618 | P54: -71.1647 | Q54: Tarauacá, Brazil | R54: South America | S54: Brazil
A55: M 7.2 - 10 km W of Azángaro, Peru | B55: 7.2 | C55: 26/05/2022 12:02 | D55: 7 | E55: 5 | F55: green | G55: 1 | H55: 876 | I55: us | J55: 144 | K55: 2.494 | L55: 40 | M55: mww | N55: 236 | O55: -14.8628 | P55: -70.3081 | Q55: Azángaro, Peru | R55: South America | S55: Peru
A56: M 6.9 - | B56: 6.9 | C56: 19/05/2022 10:13 | D56: 2 | E56: 5 | F56: green | G56: 1 | H56: 733 | I56: us | J56: 127 | K56: 0.371 | L56: 45 | M56: mww | N56: 10 | O56: -54.1325 | P56: 159.027
A57: M 6.8 - 86 km NNW of San Antonio de los Cobres, Argentina | B57: 6.8 | C57: 10/05/2022 23:06 | D57: 6 | E57: 5 | F57: green | G57: 1 | H57: 762 | I57: us | J57: 162 | K57: 1.505 | L57: 30 | M57: mww | N57: 220 | O57: -23.6141 | P57: -66.7236 | Q57: San Antonio de los Cobres, Argentina | R57: South America | S57: Argentina
A58: M 6.6 - 55 km WSW of Masachapa, Nicaragua | B58: 6.6 | C58: 21/04/2022 07:42 | D58: 6 | E58: 5 | F58: green | G58: 1 | H58: 762 | I58: us | J58: 0 | K58: 0.914 | L58: 94 | M58: mww | N58: 27 | O58: 11.5538 | P58: -86.9919 | Q58: Masachapa, Nicaragua
A59: M 7.0 - southeast of the Loyalty Islands | B59: 7 | C59: 31/03/2022 05:44 | D59: 6 | E59: 4 | F59: green | G59: 1 | H59: 763 | I59: us | J59: 0 | K59: 2.705 | L59: 26 | M59: mww | N59: 10 | O59: -22.5732 | P59: 170.349 | Q59: the Loyalty Islands
A60: M 6.9 - 284 km ESE of Tadine, New Caledonia | B60: 6.9 | C60: 30/03/2022 20:56 | D60: 6 | E60: 4 | F60: green | G60: 1 | H60: 738 | I60: us | J60: 0 | K60: 2.697 | L60: 42 | M60: mww | N60: 10 | O60: -22.72 | P60: 170.277 | Q60: Tadine, New Caledonia
A61: M 6.7 - 65 km S of Hualien City, Taiwan | B61: 6.7 | C61: 22/03/2022 17:41 | D61: 8 | E61: 7 | F61: green | G61: 1 | H61: 806 | I61: us | J61: 0 | K61: 0.289 | L61: 32 | M61: mww | N61: 24 | O61: 23.3421 | P61: 121.636 | Q61: Hualien City, Taiwan | R61: Asia | S61: Taiwan
A62: M 7.3 - 57 km ENE of Namie, Japan | B62: 7.3 | C62: 16/03/2022 14:36 | D62: 9 | E62: 8 | F62: red | G62: 1 | H62: 2397 | I62: us | J62: 0 | K62: 2.936 | L62: 29 | M62: mww | N62: 41 | O62: 37.7015 | P62: 141.587 | Q62: Namie, Japan
A63: M 6.7 - 166 km W of Pariaman, Indonesia | B63: 6.7 | C63: 13/03/2022 21:09 | D63: 9 | E63: 6 | F63: green | G63: 0 | H63: 708 | I63: us | J63: 0 | K63: 2.188 | L63: 43 | M63: mww | N63: 28 | O63: -0.6831 | P63: 98.6034 | Q63: Pariaman, Indonesia | R63: Asia | S63: Indonesia
A64: M 6.6 - Kermadec Islands, New Zealand | B64: 6.6 | C64: 02/03/2022 12:52 | D64: 2 | E64: 7 | F64: green | G64: 1 | H64: 670 | I64: us | J64: 0 | K64: 0.827 | L64: 46 | M64: mww | N64: 24 | O64: -30.0528 | P64: -177.74 | Q64: Kermadec Islands, New Zealand
A65: M 6.8 - south of the Fiji Islands | B65: 6.8 | C65: 16/02/2022 20:21 | D65: 2 | E65: 3 | F65: green | G65: 1 | H65: 712 | I65: us | J65: 0 | K65: 5.78 | L65: 12 | M65: mww | N65: 535 | O65: -23.7852 | P65: -179.968 | Q65: the Fiji Islands
A66: M 6.5 - 49 km NW of Barranca, Peru | B66: 6.5 | C66: 03/02/2022 15:58 | D66: 8 | E66: 6 | F66: green | G66: 0 | H66: 690 | I66: us | J66: 0 | K66: 3.026 | L66: 22 | M66: mww | N66: 110 | O66: -4.455 | P66: -76.9395 | Q66: Barranca, Peru | R66: South America | S66: Peru
A67: M 6.5 - Kermadec Islands region | B67: 6.5 | C67: 29/01/2022 02:46 | D67: 7 | E67: 4 | F67: green | G67: 1 | H67: 651 | I67: us | J67: 0 | K67: 1.088 | L67: 57 | M67: mww | N67: 8 | O67: -29.535 | P67: -176.729 | Q67: Kermadec Islands region
A68: M 6.6 - 80 km SW of Labuan, Indonesia | B68: 6.6 | C68: 14/01/2022 09:05 | D68: 8 | E68: 6 | F68: green | G68: 0 | H68: 785 | I68: us | J68: 0 | K68: 2.418 | L68: 22 | M68: mww | N68: 33 | O68: -6.9291 | P68: 105.251 | Q68: Labuan, Indonesia | S68: Indonesia
A69: M 6.5 - 71 km SE of Nikolski, Alaska | B69: 6.5 | C69: 11/01/2022 12:39 | D69: 0 | E69: 3 | G69: 1 | H69: 650 | I69: at | J69: 97 | K69: 1.61607 | L69: 108 | M69: Mi | N69: 37 | O69: 52.502 | P69: -168.08 | Q69: Nikolski, Alaska
A70: M 6.5 - 71 km SE of Nikolski, Alaska | B70: 6.5 | C70: 11/01/2022 12:39 | D70: 0 | E70: 3 | G70: 1 | H70: 650 | I70: pt | J70: 23 | K70: 0 | L70: 208.8 | M70: Mi | N70: 37 | O70: 52.502 | P70: -168.08 | Q70: Nikolski, Alaska
A71: M 6.6 - 53 km SE of Nikolski, Alaska | B71: 6.6 | C71: 11/01/2022 12:39 | D71: 8 | E71: 5 | F71: green | G71: 1 | H71: 674 | I71: us | J71: 0 | K71: 0.507 | L71: 49 | M71: mww | N71: 19 | O71: 52.6252 | P71: -168.15 | Q71: Nikolski, Alaska
A72: M 6.7 - 91 km SE of Nikolski, Alaska | B72: 6.7 | C72: 11/01/2022 11:35 | D72: 0 | E72: 4 | G72: 1 | H72: 691 | I72: at | J72: 50 | K72: 0.936943 | L72: 126 | M72: Mi | N72: 33 | O72: 52.48 | P72: -167.736 | Q72: Nikolski, Alaska
A73: M 6.7 - 91 km SE of Nikolski, Alaska | B73: 6.7 | C73: 11/01/2022 11:35 | D73: 0 | E73: 4 | G73: 1 | H73: 691 | I73: pt | J73: 20 | K73: 0 | L73: 205.2 | M73: Mi | N73: 33 | O73: 52.48 | P73: -167.736 | Q73: Nikolski, Alaska
A74: M 6.8 - 100 km SE of Nikolski, Alaska | B74: 6.8 | C74: 11/01/2022 11:35 | D74: 7 | E74: 6 | F74: green | G74: 1 | H74: 730 | I74: us | J74: 0 | K74: 0.92 | L74: 61 | M74: mww | N74: 20 | O74: 52.6563 | P74: -167.917 | Q74: Nikolski, Alaska
A75: M 6.6 - 48 km WNW of Pólis, Cyprus | B75: 6.6 | C75: 11/01/2022 01:07 | D75: 6 | E75: 6 | F75: green | G75: 0 | H75: 976 | I75: us | J75: 0 | K75: 1.168 | L75: 21 | M75: mww | N75: 21 | O75: 35.1456 | P75: 31.9095 | Q75: Pólis, Cyprus | R75: Asia
A76: M 6.6 - northern Qinghai, China | B76: 6.6 | C76: 07/01/2022 17:45 | D76: 9 | E76: 8 | F76: orange | G76: 0 | H76: 1012 | I76: us | J76: 0 | K76: 2.685 | L76: 13 | M76: mww | N76: 13 | O76: 37.8167 | P76: 101.299 | Q76: northern Qinghai, China | R76: Asia | S76: People's Republic of China
A77: M 7.3 - 125 km NNE of Lospalos, Timor Leste | B77: 7.3 | C77: 29/12/2021 18:25 | D77: 8 | E77: 7 | F77: green | G77: 0 | H77: 921 | I77: us | J77: 0 | K77: 3.713 | L77: 19 | M77: mww | N77: 165.49 | O77: -7.5924 | P77: 127.581 | Q77: Lospalos, Timor Leste | S77: Indonesia
A78: M 7.3 - Flores Sea | B78: 7.3 | C78: 14/12/2021 03:20 | D78: 9 | E78: 5 | F78: green | G78: 1 | H78: 854 | I78: us | J78: 0 | K78: 1.025 | L78: 32 | M78: mww | N78: 14.27 | O78: -7.6033 | P78: 122.2 | Q78: Flores Sea | R78: Asia | S78: Indonesia
A79: M 7.5 - 43 km NNW of Barranca, Peru | B79: 7.5 | C79: 28/11/2021 10:52 | D79: 8 | E79: 8 | F79: yellow | G79: 1 | H79: 1094 | I79: us | J79: 0 | K79: 4.951 | L79: 40 | M79: mww | N79: 126 | O79: -4.4898 | P79: -76.8461 | Q79: Barranca, Peru | R79: South America | S79: Peru
A80: M 6.6 - 177 km SE of Hirara, Japan | B80: 6.6 | C80: 10/11/2021 15:45 | D80: 7 | E80: 4 | F80: green | G80: 1 | H80: 688 | I80: us | J80: 0 | K80: 3.259 | L80: 15 | M80: mww | N80: 12 | O80: 23.5414 | P80: 126.48 | Q80: Hirara, Japan
A81: M 6.9 - 112 km E of Chignik, Alaska | B81: 6.9 | C81: 11/10/2021 09:10 | D81: 8 | E81: 6 | F81: green | G81: 1 | H81: 995 | I81: ak | J81: 0 | K81: 0 | L81: 0 | M81: mww | N81: 51.6 | O81: 56.2581 | P81: -156.492 | Q81: Chignik, Alaska | R81: North America | S81: United States of America
A82: M 6.9 - Vanuatu region | B82: 6.9 | C82: 09/10/2021 10:58 | D82: 4 | E82: 3 | F82: green | G82: 1 | H82: 740 | I82: us | J82: 0 | K82: 4.778 | L82: 31 | M82: mww | N82: 535 | O82: -21.1704 | P82: 174.54 | Q82: Vanuatu region
A83: M 7.3 - Vanuatu region | B83: 7.3 | C83: 02/10/2021 06:29 | D83: 4 | E83: 4 | F83: green | G83: 1 | H83: 826 | I83: us | J83: 0 | K83: 4.493 | L83: 32 | M83: mww | N83: 527 | O83: -21.1036 | P83: 174.895 | Q83: Vanuatu region
A84: M 6.5 - 80 km SW of Jiquilillo, Nicaragua | B84: 6.5 | C84: 22/09/2021 09:57 | D84: 7 | E84: 5 | F84: green | G84: 1 | H84: 684 | I84: us | J84: 0 | K84: 0.993 | L84: 114 | M84: mww | N84: 21 | O84: 12.1598 | P84: -87.8542 | Q84: Jiquilillo, Nicaragua
A85: M 7.0 - Acapulco, Mexico | B85: 7 | C85: 08/09/2021 01:47 | D85: 8 | E85: 8 | F85: red | G85: 1 | H85: 2504 | I85: us | J85: 0 | K85: 0.07 | L85: 43 | M85: mww | N85: 20 | O85: 16.9502 | P85: -99.7877 | Q85: Acapulco, Mexico | R85: North America | S85: Mexico
A86: M 7.1 - South Sandwich Islands region | B86: 7.1 | C86: 22/08/2021 21:33 | D86: 1 | E86: 4 | F86: green | G86: 1 | H86: 776 | I86: us | J86: 0 | K86: 9.799 | L86: 32 | M86: mww | N86: 6 | O86: -60.3026 | P86: -24.9992 | Q86: South Sandwich Islands region | S86: Antarctica
A87: M 6.6 - South Sandwich Islands region | B87: 6.6 | C87: 22/08/2021 00:45 | D87: 1 | E87: 3 | F87: green | G87: 1 | H87: 670 | I87: us | J87: 0 | K87: 8.865 | L87: 19 | M87: mww | N87: 7 | O87: -60.1023 | P87: -24.4608 | Q87: South Sandwich Islands region | S87: Antarctica
A88: M 6.9 - 17 km N of Port-Olry, Vanuatu | B88: 6.9 | C88: 18/08/2021 10:10 | D88: 8 | E88: 7 | F88: green | G88: 1 | H88: 741 | I88: us | J88: 0 | K88: 0.579 | L88: 54 | M88: mww | N88: 93 | O88: -14.892 | P88: 167.085 | Q88: Port-Olry, Vanuatu | R88: Oceania | S88: Vanuatu
A89: M 6.9 - South Sandwich Islands region | B89: 6.9 | C89: 16/08/2021 11:10 | D89: 6 | E89: 4 | F89: green | G89: 1 | H89: 734 | I89: us | J89: 0 | K89: 8.363 | L89: 48 | M89: mww | N89: 16.7 | O89: -58.3814 | P89: -23.3318 | Q89: South Sandwich Islands region
A90: M 7.2 - Nippes, Haiti | B90: 7.2 | C90: 14/08/2021 12:29 | D90: 9 | E90: 8 | F90: red | G90: 1 | H90: 2331 | I90: us | J90: 0 | K90: 1.178 | L90: 23 | M90: mww | N90: 10 | O90: 18.3521 | P90: -73.4804 | Q90: Nippes, Haiti | R90: North America | S90: Haiti
A91: M 6.9 - 136 km SE of Perryville, Alaska | B91: 6.9 | C91: 14/08/2021 11:57 | D91: 5 | E91: 4 | F91: green | G91: 1 | H91: 738 | I91: ak | J91: 0 | K91: 0 | L91: 0 | M91: mww | N91: 33.3 | O91: 55.2364 | P91: -157.707 | Q91: Perryville, Alaska
A92: M 6.9 - 125 km SE of Perryville, Alaska | B92: 6.9 | C92: 14/08/2021 11:57 | D92: 5 | E92: 4 | F92: green | G92: 1 | H92: 738 | I92: us | J92: 0 | K92: 1.173 | L92: 36 | M92: mww | N92: 20.74 | O92: 55.2657 | P92: -157.68 | Q92: Perryville, Alaska
A93: M 8.1 - South Sandwich Islands region | B93: 8.1 | C93: 12/08/2021 18:35 | D93: 0 | E93: 7 | F93: green | G93: 0 | H93: 1009 | I93: us | J93: 0 | K93: 7.463 | L93: 78 | M93: mww | N93: 22.79 | O93: -58.4157 | P93: -25.3206 | Q93: South Sandwich Islands region
A94: M 7.5 - South Sandwich Islands region | B94: 7.5 | C94: 12/08/2021 18:32 | D94: 9 | E94: 6 | F94: green | G94: 1 | H94: 868 | I94: us | J94: 0 | K94: 7.227 | L94: 38 | M94: mww | N94: 47.23 | O94: -57.5959 | P94: -25.1874 | Q94: South Sandwich Islands region
A95: M 7.1 - 60 km ENE of Pondaguitan, Philippines | B95: 7.1 | C95: 11/08/2021 17:46 | D95: 9 | E95: 7 | F95: green | G95: 1 | H95: 846 | I95: us | J95: 0 | K95: 1.273 | L95: 25 | M95: mww | N95: 55.14 | O95: 6.4547 | P95: 126.742 | Q95: Pondaguitan, Philippines
A96: M 8.2 - 91 km ESE of Perryville, Alaska | B96: 8.2 | C96: 29/07/2021 06:15 | D96: 8 | E96: 6 | F96: green | G96: 1 | H96: 1237 | I96: us | J96: 0 | K96: 0.875 | L96: 66 | M96: mww | N96: 46.66 | O96: 55.4742 | P96: -157.917 | Q96: Perryville, Alaska
A97: M 8.2 - 99 km SE of Perryville, Alaska | B97: 8.2 | C97: 29/07/2021 06:15 | D97: 8 | E97: 7 | F97: yellow | G97: 1 | H97: 1252 | I97: ak | J97: 0 | K97: 0 | L97: 0 | M97: mww | N97: 35 | O97: 55.3154 | P97: -157.829 | Q97: Perryville, Alaska
A98: M 6.7 - 15 km S of Hukay, Philippines | B98: 6.7 | C98: 23/07/2021 20:48 | D98: 8 | E98: 5 | F98: green | G98: 1 | H98: 935 | I98: us | J98: 0 | K98: 8.139 | L98: 12 | M98: mww | N98: 110 | O98: 13.6989 | P98: 120.713 | Q98: Hukay, Philippines | R98: Asia | S98: Philippines
A99: M 6.7 - 71 km S of Burica, Panama | B99: 6.7 | C99: 21/07/2021 21:15 | D99: 6 | E99: 6 | F99: green | G99: 1 | H99: 830 | I99: us | J99: 0 | K99: 1.395 | L99: 61 | M99: mww | N99: 10 | O99: 7.5904 | P99: -82.8813 | Q99: Burica, Panama
A100: M 6.5 - Kermadec Islands, New Zealand | B100: 6.5 | C100: 20/06/2021 17:05 | D100: 0 | E100: 4 | F100: green | G100: 1 | H100: 650 | I100: us | J100: 0 | K100: 7.994 | L100: 24 | M100: mww | N100: 25 | O100: -30.2144 | P100: -177.773 | Q100: Kermadec Islands, New Zealand
...

Sheet Working_Data
A1: title | B1: magnitude | C1: date_time | D1: cdi | E1: mmi | F1: alert | G1: tsunami | H1: sig | I1: net | J1: nst | K1: dmin | L1: gap | M1: magType | N1: depth | O1: latitude | P1: longitude | Q1: location | R1: continent | S1: country | T1: Converted_DateTime | U1: Title_Pattern | V1: magType_Normalized | W1: Duplicate_Count | X1: Duplicate_Flag | Y1: Magnitude_Band | Z1: Year
A2: M 6.5 - 42 km W of Sola, Vanuatu | B2: 6.5 | C2: 16/08/2023 12:47 | D2: 7 | E2: 4 | F2: green | G2: 0 | H2: 657 | I2: us | J2: 114 | K2: 7.177 | L2: 25 | M2: mww | N2: 192.955 | O2: -13.8814 | P2: 167.158 | Q2: Sola, Vanuatu | S2: Vanuatu | T2: =IF(C2="","",DATE(VALUE(MID(C2,7,4)),VALUE(MID(C2,4,2)),VALUE(MID(C2,1,2)))+TIME(VALUE(MID(C2,12,2)),VALUE(MID(C2,15,2)),0)) -> 45154.533 | U2: =IFERROR(IF(ISNUMBER(VALUE(TRIM(MID(A2,FIND("-",A2)+1,FIND("km",A2)-FIND("-",A2)-1)))),"Distance + direction + city","Named-region"),"Named-region") -> Distance + direction + city | V2: =LOWER(M2) -> mww | W2: =COUNTIFS($A$2:$A$1001,A2,$C$2:$C$1001,C2) -> 1 | X2: =IF(W2>1,"Duplicate","Unique") -> Unique | Y2: =IF(B2<6.5,"<6.5",IF(B2<7,"6.5–6.9",IF(B2<7.5,"7.0–7.4",IF(B2<8,"7.5–7.9","8.0+")))) -> 6.5–6.9 | Z2: =IF(T2="","",YEAR(T2)) -> 2023
A3: M 6.5 - 43 km S of Intipucá, El Salvador | B3: 6.5 | C3: 19/07/2023 00:22 | D3: 8 | E3: 6 | F3: yellow | G3: 0 | H3: 775 | I3: us | J3: 92 | K3: 0.679 | L3: 40 | M3: mww | N3: 69.727 | O3: 12.814 | P3: -88.1265 | Q3: Intipucá, El Salvador | T3: =IF(C3="","",DATE(VALUE(MID(C3,7,4)),VALUE(MID(C3,4,2)),VALUE(MID(C3,1,2)))+TIME(VALUE(MID(C3,12,2)),VALUE(MID(C3,15,2)),0)) -> 45126.015 | U3: =IFERROR(IF(ISNUMBER(VALUE(TRIM(MID(A3,FIND("-",A3)+1,FIND("km",A3)-FIND("-",A3)-1)))),"Distance + direction + city","Named-region"),"Named-region") -> Distance + direction + city | V3: =LOWER(M3) -> mww | W3: =COUNTIFS($A$2:$A$1001,A3,$C$2:$C$1001,C3) -> 1 | X3: =IF(W3>1,"Duplicate","Unique") -> Unique | Y3: =IF(B3<6.5,"<6.5",IF(B3<7,"6.5–6.9",IF(B3<7.5,"7.0–7.4",IF(B3<8,"7.5–7.9","8.0+")))) -> 6.5–6.9 | Z3: =IF(T3="","",YEAR(T3)) -> 2023
A4: M 6.6 - 25 km ESE of Loncopué, Argentina | B4: 6.6 | C4: 17/07/2023 03:05 | D4: 7 | E4: 5 | F4: green | G4: 0 | H4: 899 | I4: us | J4: 70 | K4: 1.634 | L4: 28 | M4: mww | N4: 171.371 | O4: -38.1911 | P4: -70.3731 | Q4: Loncopué, Argentina | R4: South America | S4: Argentina | T4: =IF(C4="","",DATE(VALUE(MID(C4,7,4)),VALUE(MID(C4,4,2)),VALUE(MID(C4,1,2)))+TIME(VALUE(MID(C4,12,2)),VALUE(MID(C4,15,2)),0)) -> 45124.128 | U4: =IFERROR(IF(ISNUMBER(VALUE(TRIM(MID(A4,FIND("-",A4)+1,FIND("km",A4)-FIND("-",A4)-1)))),"Distance + direction + city","Named-region"),"Named-region") -> Distance + direction + city | V4: =LOWER(M4) -> mww | W4: =COUNTIFS($A$2:$A$1001,A4,$C$2:$C$1001,C4) -> 1 | X4: =IF(W4>1,"Duplicate","Unique") -> Unique | Y4: =IF(B4<6.5,"<6.5",IF(B4<7,"6.5–6.9",IF(B4<7.5,"7.0–7.4",IF(B4<8,"7.5–7.9","8.0+")))) -> 6.5–6.9 | Z4: =IF(T4="","",YEAR(T4)) -> 2023
A5: M 7.2 - 98 km S of Sand Point, Alaska | B5: 7.2 | C5: 16/07/2023 06:48 | D5: 6 | E5: 6 | F5: green | G5: 1 | H5: 860 | I5: us | J5: 173 | K5: 0.907 | L5: 36 | M5: mww | N5: 32.571 | O5: 54.3844 | P5: -160.699 | Q5: Sand Point, Alaska | T5: =IF(C5="","",DATE(VALUE(MID(C5,7,4)),VALUE(MID(C5,4,2)),VALUE(MID(C5,1,2)))+TIME(VALUE(MID(C5,12,2)),VALUE(MID(C5,15,2)),0)) -> 45123.283 | U5: =IFERROR(IF(ISNUMBER(VALUE(TRIM(MID(A5,FIND("-",A5)+1,FIND("km",A5)-FIND("-",A5)-1)))),"Distance + direction + city","Named-region"),"Named-region") -> Distance + direction + city | V5: =LOWER(M5) -> mww | W5: =COUNTIFS($A$2:$A$1001,A5,$C$2:$C$1001,C5) -> 1 | X5: =IF(W5>1,"Duplicate","Unique") -> Unique | Y5: =IF(B5<6.5,"<6.5",IF(B5<7,"6.5–6.9",IF(B5<7.5,"7.0–7.4",IF(B5<8,"7.5–7.9","8.0+")))) -> 7.0–7.4 | Z5: =IF(T5="","",YEAR(T5)) -> 2023
A6: M 7.3 - Alaska Peninsula | B6: 7.3 | C6: 16/07/2023 06:48 | D6: 0 | E6: 5 | G6: 1 | H6: 820 | I6: at | J6: 79 | K6: 0.879451 | L6: 172.8 | M6: Mi | N6: 21 | O6: 54.49 | P6: -160.796 | Q6: Alaska Peninsula | T6: =IF(C6="","",DATE(VALUE(MID(C6,7,4)),VALUE(MID(C6,4,2)),VALUE(MID(C6,1,2)))+TIME(VALUE(MID(C6,12,2)),VALUE(MID(C6,15,2)),0)) -> 45123.283 | U6: =IFERROR(IF(ISNUMBER(VALUE(TRIM(MID(A6,FIND("-",A6)+1,FIND("km",A6)-FIND("-",A6)-1)))),"Distance + direction + city","Named-region"),"Named-region") -> Named-region | V6: =LOWER(M6) -> mi | W6: =COUNTIFS($A$2:$A$1001,A6,$C$2:$C$1001,C6) -> 1 | X6: =IF(W6>1,"Duplicate","Unique") -> Unique | Y6: =IF(B6<6.5,"<6.5",IF(B6<7,"6.5–6.9",IF(B6<7.5,"7.0–7.4",IF(B6<8,"7.5–7.9","8.0+")))) -> 7.0–7.4 | Z6: =IF(T6="","",YEAR(T6)) -> 2023
A7: M 6.6 - 277 km NNE of Codrington, Antigua and Barbuda | B7: 6.6 | C7: 10/07/2023 20:28 | D7: 5 | E7: 4 | F7: green | G7: 1 | H7: 802 | I7: us | J7: 95 | K7: 2.454 | L7: 37 | M7: mww | N7: 10 | O7: 20.0196 | P7: -61.0955 | Q7: Codrington, Antigua and Barbuda | T7: =IF(C7="","",DATE(VALUE(MID(C7,7,4)),VALUE(MID(C7,4,2)),VALUE(MID(C7,1,2)))+TIME(VALUE(MID(C7,12,2)),VALUE(MID(C7,15,2)),0)) -> 45117.853 | U7: =IFERROR(IF(ISNUMBER(VALUE(TRIM(MID(A7,FIND("-",A7)+1,FIND("km",A7)-FIND("-",A7)-1)))),"Distance + direction + city","Named-region"),"Named-region") -> Distance + direction + city | V7: =LOWER(M7) -> mww | W7: =COUNTIFS($A$2:$A$1001,A7,$C$2:$C$1001,C7) -> 1 | X7: =IF(W7>1,"Duplicate","Unique") -> Unique | Y7: =IF(B7<6.5,"<6.5",IF(B7<7,"6.5–6.9",IF(B7<7.5,"7.0–7.4",IF(B7<8,"7.5–7.9","8.0+")))) -> 6.5–6.9 | Z7: =IF(T7="","",YEAR(T7)) -> 2023
A8: M 6.9 - Tonga | B8: 6.9 | C8: 02/07/2023 10:27 | D8: 4 | E8: 4 | F8: green | G8: 1 | H8: 741 | I8: us | J8: 136 | K8: 1.179 | L8: 23 | M8: mww | N8: 229 | O8: -17.853 | P8: -174.937 | Q8: Tonga | T8: =IF(C8="","",DATE(VALUE(MID(C8,7,4)),VALUE(MID(C8,4,2)),VALUE(MID(C8,1,2)))+TIME(VALUE(MID(C8,12,2)),VALUE(MID(C8,15,2)),0)) -> 45109.435 | U8: =IFERROR(IF(ISNUMBER(VALUE(TRIM(MID(A8,FIND("-",A8)+1,FIND("km",A8)-FIND("-",A8)-1)))),"Distance + direction + city","Named-region"),"Named-region") -> Named-region | V8: =LOWER(M8) -> mww | W8: =COUNTIFS($A$2:$A$1001,A8,$C$2:$C$1001,C8) -> 1 | X8: =IF(W8>1,"Duplicate","Unique") -> Unique | Y8: =IF(B8<6.5,"<6.5",IF(B8<7,"6.5–6.9",IF(B8<7.5,"7.0–7.4",IF(B8<8,"7.5–7.9","8.0+")))) -> 6.5–6.9 | Z8: =IF(T8="","",YEAR(T8)) -> 2023
A9: M 7.2 - south of the Fiji Islands | B9: 7.2 | C9: 15/06/2023 18:06 | D9: 8 | E9: 6 | F9: green | G9: 1 | H9: 804 | I9: us | J9: 85 | K9: 2.59 | L9: 24 | M9: mww | N9: 167.404 | O9: -22.9824 | P9: -177.208 | Q9: the Fiji Islands | T9: =IF(C9="","",DATE(VALUE(MID(C9,7,4)),VALUE(MID(C9,4,2)),VALUE(MID(C9,1,2)))+TIME(VALUE(MID(C9,12,2)),VALUE(MID(C9,15,2)),0)) -> 45092.754 | U9: =IFERROR(IF(ISNUMBER(VALUE(TRIM(MID(A9,FIND("-",A9)+1,FIND("km",A9)-FIND("-",A9)-1)))),"Distance + direction + city","Named-region"),"Named-region") -> Named-region | V9: =LOWER(M9) -> mww | W9: =COUNTIFS($A$2:$A$1001,A9,$C$2:$C$1001,C9) -> 1 | X9: =IF(W9>1,"Duplicate","Unique") -> Unique | Y9: =IF(B9<6.5,"<6.5",IF(B9<7,"6.5–6.9",IF(B9<7.5,"7.0–7.4",IF(B9<8,"7.5–7.9","8.0+")))) -> 7.0–7.4 | Z9: =IF(T9="","",YEAR(T9)) -> 2023
A10: M 6.6 - Panama-Colombia border region | B10: 6.6 | C10: 25/05/2023 03:05 | D10: 6 | E10: 6 | F10: green | G10: 1 | H10: 733 | I10: us | J10: 50 | K10: 2.163 | L10: 129 | M10: mww | N10: 10 | O10: 8.8894 | P10: -77.1231 | Q10: Panama-Colombia border region | S10: Colombia | T10: =IF(C10="","",DATE(VALUE(MID(C10,7,4)),VALUE(MID(C10,4,2)),VALUE(MID(C10,1,2)))+TIME(VALUE(MID(C10,12,2)),VALUE(MID(C10,15,2)),0)) -> 45071.128 | U10: =IFERROR(IF(ISNUMBER(VALUE(TRIM(MID(A10,FIND("-",A10)+1,FIND("km",A10)-FIND("-",A10)-1)))),"Distance + direction + city","Named-region"),"Named-region") -> Named-region | V10: =LOWER(M10) -> mww | W10: =COUNTIFS($A$2:$A$1001,A10,$C$2:$C$1001,C10) -> 1 | X10: =IF(W10>1,"Duplicate","Unique") -> Unique | Y10: =IF(B10<6.5,"<6.5",IF(B10<7,"6.5–6.9",IF(B10<7.5,"7.0–7.4",IF(B10<8,"7.5–7.9","8.0+")))) -> 6.5–6.9 | Z10: =IF(T10="","",YEAR(T10)) -> 2023
A11: M 7.1 - southeast of the Loyalty Islands | B11: 7.1 | C11: 20/05/2023 01:51 | D11: 3 | E11: 4 | F11: green | G11: 1 | H11: 777 | I11: us | J11: 98 | K11: 2.812 | L11: 56 | M11: mww | N11: 35.981 | O11: -23.0622 | P11: 170.456 | Q11: the Loyalty Islands | T11: =IF(C11="","",DATE(VALUE(MID(C11,7,4)),VALUE(MID(C11,4,2)),VALUE(MID(C11,1,2)))+TIME(VALUE(MID(C11,12,2)),VALUE(MID(C11,15,2)),0)) -> 45066.077 | U11: =IFERROR(IF(ISNUMBER(VALUE(TRIM(MID(A11,FIND("-",A11)+1,FIND("km",A11)-FIND("-",A11)-1)))),"Distance + direction + city","Named-region"),"Named-region") -> Named-region | V11: =LOWER(M11) -> mww | W11: =COUNTIFS($A$2:$A$1001,A11,$C$2:$C$1001,C11) -> 1 | X11: =IF(W11>1,"Duplicate","Unique") -> Unique | Y11: =IF(B11<6.5,"<6.5",IF(B11<7,"6.5–6.9",IF(B11<7.5,"7.0–7.4",IF(B11<8,"7.5–7.9","8.0+")))) -> 7.0–7.4 | Z11: =IF(T11="","",YEAR(T11)) -> 2023
A12: M 7.7 - southeast of the Loyalty Islands | B12: 7.7 | C12: 19/05/2023 02:57 | D12: 5 | E12: 4 | F12: green | G12: 1 | H12: 927 | I12: us | J12: 277 | K12: 3.111 | L12: 15 | M12: mww | N12: 18.027 | O12: -23.2286 | P12: 170.694 | Q12: the Loyalty Islands | T12: =IF(C12="","",DATE(VALUE(MID(C12,7,4)),VALUE(MID(C12,4,2)),VALUE(MID(C12,1,2)))+TIME(VALUE(MID(C12,12,2)),VALUE(MID(C12,15,2)),0)) -> 45065.123 | U12: =IFERROR(IF(ISNUMBER(VALUE(TRIM(MID(A12,FIND("-",A12)+1,FIND("km",A12)-FIND("-",A12)-1)))),"Distance + direction + city","Named-region"),"Named-region") -> Named-region | V12: =LOWER(M12) -> mww | W12: =COUNTIFS($A$2:$A$1001,A12,$C$2:$C$1001,C12) -> 1 | X12: =IF(W12>1,"Duplicate","Unique") -> Unique | Y12: =IF(B12<6.5,"<6.5",IF(B12<7,"6.5–6.9",IF(B12<7.5,"7.0–7.4",IF(B12<8,"7.5–7.9","8.0+")))) -> 7.5–7.9 | Z12: =IF(T12="","",YEAR(T12)) -> 2023
A13: M 7.6 - 95 km WNW of Hihifo, Tonga | B13: 7.6 | C13: 10/05/2023 16:02 | D13: 8 | E13: 6 | F13: green | G13: 1 | H13: 907 | I13: us | J13: 111 | K13: 3.631 | L13: 17 | M13: mww | N13: 210.097 | O13: -15.6002 | P13: -174.608 | Q13: Hihifo, Tonga | T13: =IF(C13="","",DATE(VALUE(MID(C13,7,4)),VALUE(MID(C13,4,2)),VALUE(MID(C13,1,2)))+TIME(VALUE(MID(C13,12,2)),VALUE(MID(C13,15,2)),0)) -> 45056.668 | U13: =IFERROR(IF(ISNUMBER(VALUE(TRIM(MID(A13,FIND("-",A13)+1,FIND("km",A13)-FIND("-",A13)-1)))),"Distance + direction + city","Named-region"),"Named-region") -> Distance + direction + city | V13: =LOWER(M13) -> mww | W13: =COUNTIFS($A$2:$A$1001,A13,$C$2:$C$1001,C13) -> 1 | X13: =IF(W13>1,"Duplicate","Unique") -> Unique | Y13: =IF(B13<6.5,"<6.5",IF(B13<7,"6.5–6.9",IF(B13<7.5,"7.0–7.4",IF(B13<8,"7.5–7.9","8.0+")))) -> 7.5–7.9 | Z13: =IF(T13="","",YEAR(T13)) -> 2023
A14: M 6.6 - south of the Fiji Islands | B14: 6.6 | C14: 28/04/2023 03:13 | D14: 0 | E14: 2 | F14: green | G14: 0 | H14: 670 | I14: us | J14: 52 | K14: 5.123 | L14: 50 | M14: mww | N14: 598.467 | O14: -25.2657 | P14: 178.424 | Q14: the Fiji Islands | T14: =IF(C14="","",DATE(VALUE(MID(C14,7,4)),VALUE(MID(C14,4,2)),VALUE(MID(C14,1,2)))+TIME(VALUE(MID(C14,12,2)),VALUE(MID(C14,15,2)),0)) -> 45044.134 | U14: =IFERROR(IF(ISNUMBER(VALUE(TRIM(MID(A14,FIND("-",A14)+1,FIND("km",A14)-FIND("-",A14)-1)))),"Distance + direction + city","Named-region"),"Named-region") -> Named-region | V14: =LOWER(M14) -> mww | W14: =COUNTIFS($A$2:$A$1001,A14,$C$2:$C$1001,C14) -> 1 | X14: =IF(W14>1,"Duplicate","Unique") -> Unique | Y14: =IF(B14<6.5,"<6.5",IF(B14<7,"6.5–6.9",IF(B14<7.5,"7.0–7.4",IF(B14<8,"7.5–7.9","8.0+")))) -> 6.5–6.9 | Z14: =IF(T14="","",YEAR(T14)) -> 2023
A15: M 7.1 - 170 km SSE of Teluk Dalam, Indonesia | B15: 7.1 | C15: 24/04/2023 20:00 | D15: 9 | E15: 7 | F15: green | G15: 0 | H15: 838 | I15: us | J15: 70 | K15: 2.282 | L15: 58 | M15: mww | N15: 15.462 | O15: -0.781 | P15: 98.5339 | Q15: Teluk Dalam, Indonesia | S15: Indonesia | T15: =IF(C15="","",DATE(VALUE(MID(C15,7,4)),VALUE(MID(C15,4,2)),VALUE(MID(C15,1,2)))+TIME(VALUE(MID(C15,12,2)),VALUE(MID(C15,15,2)),0)) -> 45040.833 | U15: =IFERROR(IF(ISNUMBER(VALUE(TRIM(MID(A15,FIND("-",A15)+1,FIND("km",A15)-FIND("-",A15)-1)))),"Distance + direction + city","Named-region"),"Named-region") -> Distance + direction + city | V15: =LOWER(M15) -> mww | W15: =COUNTIFS($A$2:$A$1001,A15,$C$2:$C$1001,C15) -> 1 | X15: =IF(W15>1,"Duplicate","Unique") -> Unique | Y15: =IF(B15<6.5,"<6.5",IF(B15<7,"6.5–6.9",IF(B15<7.5,"7.0–7.4",IF(B15<8,"7.5–7.9","8.0+")))) -> 7.0–7.4 | Z15: =IF(T15="","",YEAR(T15)) -> 2023
A16: M 7.1 - Kermadec Islands, New Zealand | B16: 7.1 | C16: 24/04/2023 00:41 | D16: 8 | E16: 7 | F16: green | G16: 1 | H16: 777 | I16: us | J16: 126 | K16: 0.708 | L16: 23 | M16: mww | N16: 43.063 | O16: -30.0249 | P16: -177.897 | Q16: Kermadec Islands, New Zealand | T16: =IF(C16="","",DATE(VALUE(MID(C16,7,4)),VALUE(MID(C16,4,2)),VALUE(MID(C16,1,2)))+TIME(VALUE(MID(C16,12,2)),VALUE(MID(C16,15,2)),0)) -> 45040.028 | U16: =IFERROR(IF(ISNUMBER(VALUE(TRIM(MID(A16,FIND("-",A16)+1,FIND("km",A16)-FIND("-",A16)-1)))),"Distance + direction + city","Named-region"),"Named-region") -> Named-region | V16: =LOWER(M16) -> mww | W16: =COUNTIFS($A$2:$A$1001,A16,$C$2:$C$1001,C16) -> 1 | X16: =IF(W16>1,"Duplicate","Unique") -> Unique | Y16: =IF(B16<6.5,"<6.5",IF(B16<7,"6.5–6.9",IF(B16<7.5,"7.0–7.4",IF(B16<8,"7.5–7.9","8.0+")))) -> 7.0–7.4 | Z16: =IF(T16="","",YEAR(T16)) -> 2023
A17: M 6.7 - south of the Fiji Islands | B17: 6.7 | C17: 18/04/2023 04:31 | D17: 0 | E17: 3 | F17: green | G17: 1 | H17: 691 | I17: us | J17: 166 | K17: 4.719 | L17: 10 | M17: mww | N17: 595.854 | O17: -22.2844 | P17: 179.391 | Q17: the Fiji Islands | T17: =IF(C17="","",DATE(VALUE(MID(C17,7,4)),VALUE(MID(C17,4,2)),VALUE(MID(C17,1,2)))+TIME(VALUE(MID(C17,12,2)),VALUE(MID(C17,15,2)),0)) -> 45034.188 | U17: =IFERROR(IF(ISNUMBER(VALUE(TRIM(MID(A17,FIND("-",A17)+1,FIND("km",A17)-FIND("-",A17)-1)))),"Distance + direction + city","Named-region"),"Named-region") -> Named-region | V17: =LOWER(M17) -> mww | W17: =COUNTIFS($A$2:$A$1001,A17,$C$2:$C$1001,C17) -> 1 | X17: =IF(W17>1,"Duplicate","Unique") -> Unique | Y17: =IF(B17<6.5,"<6.5",IF(B17<7,"6.5–6.9",IF(B17<7.5,"7.0–7.4",IF(B17<8,"7.5–7.9","8.0+")))) -> 6.5–6.9 | Z17: =IF(T17="","",YEAR(T17)) -> 2023
A18: M 7.0 - 96 km N of Tuban, Indonesia | B18: 7 | C18: 14/04/2023 09:55 | D18: 5 | E18: 3 | F18: green | G18: 0 | H18: 818 | I18: us | J18: 131 | K18: 1.881 | L18: 31 | M18: mww | N18: 594.028 | O18: -6.0255 | P18: 112.033 | Q18: Tuban, Indonesia | S18: Indonesia | T18: =IF(C18="","",DATE(VALUE(MID(C18,7,4)),VALUE(MID(C18,4,2)),VALUE(MID(C18,1,2)))+TIME(VALUE(MID(C18,12,2)),VALUE(MID(C18,15,2)),0)) -> 45030.413 | U18: =IFERROR(IF(ISNUMBER(VALUE(TRIM(MID(A18,FIND("-",A18)+1,FIND("km",A18)-FIND("-",A18)-1)))),"Distance + direction + city","Named-region"),"Named-region") -> Distance + direction + city | V18: =LOWER(M18) -> mww | W18: =COUNTIFS($A$2:$A$1001,A18,$C$2:$C$1001,C18) -> 1 | X18: =IF(W18>1,"Duplicate","Unique") -> Unique | Y18: =IF(B18<6.5,"<6.5",IF(B18<7,"6.5–6.9",IF(B18<7.5,"7.0–7.4",IF(B18<8,"7.5–7.9","8.0+")))) -> 7.0–7.4 | Z18: =IF(T18="","",YEAR(T18)) -> 2023
A19: M 6.5 - near the east coast of the Kamchatka Peninsula, Russia | B19: 6.5 | C19: 03/04/2023 03:06 | D19: 7 | E19: 6 | F19: yellow | G19: 1 | H19: 655 | I19: us | J19: 104 | K19: 0.266 | L19: 30 | M19: mww | N19: 105.631 | O19: 52.7772 | P19: 158.484 | Q19: the Kamchatka Peninsula, Russia | R19: Asia | S19: Russian Federation (the) | T19: =IF(C19="","",DATE(VALUE(MID(C19,7,4)),VALUE(MID(C19,4,2)),VALUE(MID(C19,1,2)))+TIME(VALUE(MID(C19,12,2)),VALUE(MID(C19,15,2)),0)) -> 45019.129 | U19: =IFERROR(IF(ISNUMBER(VALUE(TRIM(MID(A19,FIND("-",A19)+1,FIND("km",A19)-FIND("-",A19)-1)))),"Distance + direction + city","Named-region"),"Named-region") -> Named-region | V19: =LOWER(M19) -> mww | W19: =COUNTIFS($A$2:$A$1001,A19,$C$2:$C$1001,C19) -> 1 | X19: =IF(W19>1,"Duplicate","Unique") -> Unique | Y19: =IF(B19<6.5,"<6.5",IF(B19<7,"6.5–6.9",IF(B19<7.5,"7.0–7.4",IF(B19<8,"7.5–7.9","8.0+")))) -> 6.5–6.9 | Z19: =IF(T19="","",YEAR(T19)) -> 2023
A20: M 7.0 - New Guinea, Papua New Guinea | B20: 7 | C20: 02/04/2023 18:04 | D20: 7 | E20: 7 | F20: green | G20: 1 | H20: 781 | I20: us | J20: 105 | K20: 6.45 | L20: 31 | M20: mww | N20: 62.603 | O20: -4.2924 | P20: 143.155 | Q20: New Guinea, Papua New Guinea | R20: Asia | S20: Papua New Guinea | T20: =IF(C20="","",DATE(VALUE(MID(C20,7,4)),VALUE(MID(C20,4,2)),VALUE(MID(C20,1,2)))+TIME(VALUE(MID(C20,12,2)),VALUE(MID(C20,15,2)),0)) -> 45018.753 | U20: =IFERROR(IF(ISNUMBER(VALUE(TRIM(MID(A20,FIND("-",A20)+1,FIND("km",A20)-FIND("-",A20)-1)))),"Distance + direction + city","Named-region"),"Named-region") -> Named-region | V20: =LOWER(M20) -> mww | W20: =COUNTIFS($A$2:$A$1001,A20,$C$2:$C$1001,C20) -> 1 | X20: =IF(W20>1,"Duplicate","Unique") -> Unique | Y20: =IF(B20<6.5,"<6.5",IF(B20<7,"6.5–6.9",IF(B20<7.5,"7.0–7.4",IF(B20<8,"7.5–7.9","8.0+")))) -> 7.0–7.4 | Z20: =IF(T20="","",YEAR(T20)) -> 2023
A21: M 6.5 - 84 km NNW of San Antonio de los Cobres, Argentina | B21: 6.5 | C21: 22/03/2023 16:00 | D21: 4 | E21: 4 | F21: green | G21: 0 | H21: 656 | I21: us | J21: 97 | K21: 1.622 | L21: 33 | M21: mww | N21: 209.976 | O21: -23.4797 | P21: -66.5108 | Q21: San Antonio de los Cobres, Argentina | R21: South America | S21: Argentina | T21: =IF(C21="","",DATE(VALUE(MID(C21,7,4)),VALUE(MID(C21,4,2)),VALUE(MID(C21,1,2)))+TIME(VALUE(MID(C21,12,2)),VALUE(MID(C21,15,2)),0)) -> 45007.667 | U21: =IFERROR(IF(ISNUMBER(VALUE(TRIM(MID(A21,FIND("-",A21)+1,FIND("km",A21)-FIND("-",A21)-1)))),"Distance + direction + city","Named-region"),"Named-region") -> Distance + direction + city | V21: =LOWER(M21) -> mww | W21: =COUNTIFS($A$2:$A$1001,A21,$C$2:$C$1001,C21) -> 1 | X21: =IF(W21>1,"Duplicate","Unique") -> Unique | Y21: =IF(B21<6.5,"<6.5",IF(B21<7,"6.5–6.9",IF(B21<7.5,"7.0–7.4",IF(B21<8,"7.5–7.9","8.0+")))) -> 6.5–6.9 | Z21: =IF(T21="","",YEAR(T21)) -> 2023
A22: M 6.5 - 40 km SSE of Jurm, Afghanistan | B22: 6.5 | C22: 21/03/2023 16:47 | D22: 7 | E22: 5 | F22: green | G22: 0 | H22: 1350 | I22: us | J22: 134 | K22: 2.53 | L22: 13 | M22: mww | N22: 187.589 | O22: 36.5227 | P22: 70.9787 | Q22: Jurm, Afghanistan | R22: Asia | S22: Afghanistan | T22: =IF(C22="","",DATE(VALUE(MID(C22,7,4)),VALUE(MID(C22,4,2)),VALUE(MID(C22,1,2)))+TIME(VALUE(MID(C22,12,2)),VALUE(MID(C22,15,2)),0)) -> 45006.699 | U22: =IFERROR(IF(ISNUMBER(VALUE(TRIM(MID(A22,FIND("-",A22)+1,FIND("km",A22)-FIND("-",A22)-1)))),"Distance + direction + city","Named-region"),"Named-region") -> Distance + direction + city | V22: =LOWER(M22) -> mww | W22: =COUNTIFS($A$2:$A$1001,A22,$C$2:$C$1001,C22) -> 1 | X22: =IF(W22>1,"Duplicate","Unique") -> Unique | Y22: =IF(B22<6.5,"<6.5",IF(B22<7,"6.5–6.9",IF(B22<7.5,"7.0–7.4",IF(B22<8,"7.5–7.9","8.0+")))) -> 6.5–6.9 | Z22: =IF(T22="","",YEAR(T22)) -> 2023
A23: M 6.8 - near the coast of Ecuador | B23: 6.8 | C23: 18/03/2023 17:12 | D23: 9 | E23: 7 | F23: orange | G23: 1 | H23: 1159 | I23: us | J23: 152 | K23: 0.709 | L23: 28 | M23: mww | N23: 65.842 | O23: -2.851 | P23: -79.8001 | Q23: Ecuador | R23: South America | S23: Ecuador | T23: =IF(C23="","",DATE(VALUE(MID(C23,7,4)),VALUE(MID(C23,4,2)),VALUE(MID(C23,1,2)))+TIME(VALUE(MID(C23,12,2)),VALUE(MID(C23,15,2)),0)) -> 45003.717 | U23: =IFERROR(IF(ISNUMBER(VALUE(TRIM(MID(A23,FIND("-",A23)+1,FIND("km",A23)-FIND("-",A23)-1)))),"Distance + direction + city","Named-region"),"Named-region") -> Named-region | V23: =LOWER(M23) -> mww | W23: =COUNTIFS($A$2:$A$1001,A23,$C$2:$C$1001,C23) -> 1 | X23: =IF(W23>1,"Duplicate","Unique") -> Unique | Y23: =IF(B23<6.5,"<6.5",IF(B23<7,"6.5–6.9",IF(B23<7.5,"7.0–7.4",IF(B23<8,"7.5–7.9","8.0+")))) -> 6.5–6.9 | Z23: =IF(T23="","",YEAR(T23)) -> 2023
A24: M 7.0 - Kermadec Islands region | B24: 7 | C24: 16/03/2023 00:56 | D24: 8 | E24: 5 | F24: green | G24: 1 | H24: 756 | I24: us | J24: 116 | K24: 1.789 | L24: 22 | M24: mww | N24: 22.065 | O24: -30.1147 | P24: -176.112 | Q24: Kermadec Islands region | T24: =IF(C24="","",DATE(VALUE(MID(C24,7,4)),VALUE(MID(C24,4,2)),VALUE(MID(C24,1,2)))+TIME(VALUE(MID(C24,12,2)),VALUE(MID(C24,15,2)),0)) -> 45001.039 | U24: =IFERROR(IF(ISNUMBER(VALUE(TRIM(MID(A24,FIND("-",A24)+1,FIND("km",A24)-FIND("-",A24)-1)))),"Distance + direction + city","Named-region"),"Named-region") -> Named-region | V24: =LOWER(M24) -> mww | W24: =COUNTIFS($A$2:$A$1001,A24,$C$2:$C$1001,C24) -> 1 | X24: =IF(W24>1,"Duplicate","Unique") -> Unique | Y24: =IF(B24<6.5,"<6.5",IF(B24<7,"6.5–6.9",IF(B24<7.5,"7.0–7.4",IF(B24<8,"7.5–7.9","8.0+")))) -> 7.0–7.4 | Z24: =IF(T24="","",YEAR(T24)) -> 2023
A25: M 6.9 - Kermadec Islands, New Zealand | B25: 6.9 | C25: 04/03/2023 06:41 | D25: 5 | E25: 5 | F25: green | G25: 1 | H25: 735 | I25: us | J25: 108 | K25: 0.784 | L25: 18 | M25: mww | N25: 205.681 | O25: -29.4748 | P25: -178.787 | Q25: Kermadec Islands, New Zealand | T25: =IF(C25="","",DATE(VALUE(MID(C25,7,4)),VALUE(MID(C25,4,2)),VALUE(MID(C25,1,2)))+TIME(VALUE(MID(C25,12,2)),VALUE(MID(C25,15,2)),0)) -> 44989.278 | U25: =IFERROR(IF(ISNUMBER(VALUE(TRIM(MID(A25,FIND("-",A25)+1,FIND("km",A25)-FIND("-",A25)-1)))),"Distance + direction + city","Named-region"),"Named-region") -> Named-region | V25: =LOWER(M25) -> mww | W25: =COUNTIFS($A$2:$A$1001,A25,$C$2:$C$1001,C25) -> 1 | X25: =IF(W25>1,"Duplicate","Unique") -> Unique | Y25: =IF(B25<6.5,"<6.5",IF(B25<7,"6.5–6.9",IF(B25<7.5,"7.0–7.4",IF(B25<8,"7.5–7.9","8.0+")))) -> 6.5–6.9 | Z25: =IF(T25="","",YEAR(T25)) -> 2023
A26: M 6.5 - 86 km WSW of Port-Olry, Vanuatu | B26: 6.5 | C26: 02/03/2023 18:04 | D26: 7 | E26: 6 | F26: green | G26: 1 | H26: 653 | I26: us | J26: 66 | K26: 5.483 | L26: 45 | M26: mww | N26: 10 | O26: -15.3597 | P26: 166.385 | Q26: Port-Olry, Vanuatu | T26: =IF(C26="","",DATE(VALUE(MID(C26,7,4)),VALUE(MID(C26,4,2)),VALUE(MID(C26,1,2)))+TIME(VALUE(MID(C26,12,2)),VALUE(MID(C26,15,2)),0)) -> 44987.753 | U26: =IFERROR(IF(ISNUMBER(VALUE(TRIM(MID(A26,FIND("-",A26)+1,FIND("km",A26)-FIND("-",A26)-1)))),"Distance + direction + city","Named-region"),"Named-region") -> Distance + direction + city | V26: =LOWER(M26) -> mww | W26: =COUNTIFS($A$2:$A$1001,A26,$C$2:$C$1001,C26) -> 1 | X26: =IF(W26>1,"Duplicate","Unique") -> Unique | Y26: =IF(B26<6.5,"<6.5",IF(B26<7,"6.5–6.9",IF(B26<7.5,"7.0–7.4",IF(B26<8,"7.5–7.9","8.0+")))) -> 6.5–6.9 | Z26: =IF(T26="","",YEAR(T26)) -> 2023
A27: M 6.5 - 108 km NW of Kimbe, Papua New Guinea | B27: 6.5 | C27: 01/03/2023 05:36 | D27: 4 | E27: 2 | F27: green | G27: 1 | H27: 652 | I27: us | J27: 115 | K27: 2.739 | L27: 20 | M27: mww | N27: 598.925 | O27: -4.8138 | P27: 149.487 | Q27: Kimbe, Papua New Guinea | S27: Papua New Guinea | T27: =IF(C27="","",DATE(VALUE(MID(C27,7,4)),VALUE(MID(C27,4,2)),VALUE(MID(C27,1,2)))+TIME(VALUE(MID(C27,12,2)),VALUE(MID(C27,15,2)),0)) -> 44986.233 | U27: =IFERROR(IF(ISNUMBER(VALUE(TRIM(MID(A27,FIND("-",A27)+1,FIND("km",A27)-FIND("-",A27)-1)))),"Distance + direction + city","Named-region"),"Named-region") -> Distance + direction + city | V27: =LOWER(M27) -> mww | W27: =COUNTIFS($A$2:$A$1001,A27,$C$2:$C$1001,C27) -> 1 | X27: =IF(W27>1,"Duplicate","Unique") -> Unique | Y27: =IF(B27<6.5,"<6.5",IF(B27<7,"6.5–6.9",IF(B27<7.5,"7.0–7.4",IF(B27<8,"7.5–7.9","8.0+")))) -> 6.5–6.9 | Z27: =IF(T27="","",YEAR(T27)) -> 2023
A28: M 6.8 - 67 km W of Murghob, Tajikistan | B28: 6.8 | C28: 23/02/2023 00:37 | D28: 9 | E28: 7 | F28: green | G28: 0 | H28: 737 | I28: us | J28: 128 | K28: 1.783 | L28: 20 | M28: mww | N28: 20.522 | O28: 38.0726 | P28: 73.2077 | Q28: Murghob, Tajikistan | R28: Asia | S28: Tajikistan | T28: =IF(C28="","",DATE(VALUE(MID(C28,7,4)),VALUE(MID(C28,4,2)),VALUE(MID(C28,1,2)))+TIME(VALUE(MID(C28,12,2)),VALUE(MID(C28,15,2)),0)) -> 44980.026 | U28: =IFERROR(IF(ISNUMBER(VALUE(TRIM(MID(A28,FIND("-",A28)+1,FIND("km",A28)-FIND("-",A28)-1)))),"Distance + direction + city","Named-region"),"Named-region") -> Distance + direction + city | V28: =LOWER(M28) -> mww | W28: =COUNTIFS($A$2:$A$1001,A28,$C$2:$C$1001,C28) -> 1 | X28: =IF(W28>1,"Duplicate","Unique") -> Unique | Y28: =IF(B28<6.5,"<6.5",IF(B28<7,"6.5–6.9",IF(B28<7.5,"7.0–7.4",IF(B28<8,"7.5–7.9","8.0+")))) -> 6.5–6.9 | Z28: =IF(T28="","",YEAR(T28)) -> 2023
A29: M 7.5 - 4 km SSE of Ekinözü, Turkey | B29: 7.5 | C29: 06/02/2023 10:24 | D29: 9 | E29: 9 | F29: orange | G29: 0 | H29: 1411 | I29: us | J29: 135 | K29: 0.85 | L29: 17 | M29: mww | N29: 10 | O29: 38.0235 | P29: 37.203 | Q29: Ekinözü, Turkey | R29: Asia | S29: Turkiye | T29: =IF(C29="","",DATE(VALUE(MID(C29,7,4)),VALUE(MID(C29,4,2)),VALUE(MID(C29,1,2)))+TIME(VALUE(MID(C29,12,2)),VALUE(MID(C29,15,2)),0)) -> 44963.433 | U29: =IFERROR(IF(ISNUMBER(VALUE(TRIM(MID(A29,FIND("-",A29)+1,FIND("km",A29)-FIND("-",A29)-1)))),"Distance + direction + city","Named-region"),"Named-region") -> Distance + direction + city | V29: =LOWER(M29) -> mww | W29: =COUNTIFS($A$2:$A$1001,A29,$C$2:$C$1001,C29) -> 1 | X29: =IF(W29>1,"Duplicate","Unique") -> Unique | Y29: =IF(B29<6.5,"<6.5",IF(B29<7,"6.5–6.9",IF(B29<7.5,"7.0–7.4",IF(B29<8,"7.5–7.9","8.0+")))) -> 7.5–7.9 | Z29: =IF(T29="","",YEAR(T29)) -> 2023
A30: M 6.7 - 18 km ESE of Nurdağı, Turkey | B30: 6.7 | C30: 06/02/2023 01:28 | D30: 9 | E30: 8 | F30: yellow | G30: 0 | H30: 800 | I30: us | J30: 108 | K30: 0.218 | L30: 44 | M30: mww | N30: 14.497 | O30: 37.4135 | P30: 36.8306 | Q30: Nurdağı, Turkey | R30: Asia | S30: Turkiye | T30: =IF(C30="","",DATE(VALUE(MID(C30,7,4)),VALUE(MID(C30,4,2)),VALUE(MID(C30,1,2)))+TIME(VALUE(MID(C30,12,2)),VALUE(MID(C30,15,2)),0)) -> 44963.061 | U30: =IFERROR(IF(ISNUMBER(VALUE(TRIM(MID(A30,FIND("-",A30)+1,FIND("km",A30)-FIND("-",A30)-1)))),"Distance + direction + city","Named-region"),"Named-region") -> Distance + direction + city | V30: =LOWER(M30) -> mww | W30: =COUNTIFS($A$2:$A$1001,A30,$C$2:$C$1001,C30) -> 1 | X30: =IF(W30>1,"Duplicate","Unique") -> Unique | Y30: =IF(B30<6.5,"<6.5",IF(B30<7,"6.5–6.9",IF(B30<7.5,"7.0–7.4",IF(B30<8,"7.5–7.9","8.0+")))) -> 6.5–6.9 | Z30: =IF(T30="","",YEAR(T30)) -> 2023
A31: M 7.8 - Central Turkey | B31: 7.8 | C31: 06/02/2023 01:17 | D31: 9 | E31: 9 | F31: red | G31: 0 | H31: 2910 | I31: us | J31: 118 | K31: 1.919 | L31: 32 | M31: mww | N31: 17.925 | O31: 37.2012 | P31: 36.9997 | Q31: Central Turkey | R31: Asia | S31: Turkiye | T31: =IF(C31="","",DATE(VALUE(MID(C31,7,4)),VALUE(MID(C31,4,2)),VALUE(MID(C31,1,2)))+TIME(VALUE(MID(C31,12,2)),VALUE(MID(C31,15,2)),0)) -> 44963.053 | U31: =IFERROR(IF(ISNUMBER(VALUE(TRIM(MID(A31,FIND("-",A31)+1,FIND("km",A31)-FIND("-",A31)-1)))),"Distance + direction + city","Named-region"),"Named-region") -> Named-region | V31: =LOWER(M31) -> mww | W31: =COUNTIFS($A$2:$A$1001,A31,$C$2:$C$1001,C31) -> 1 | X31: =IF(W31>1,"Duplicate","Unique") -> Unique | Y31: =IF(B31<6.5,"<6.5",IF(B31<7,"6.5–6.9",IF(B31<7.5,"7.0–7.4",IF(B31<8,"7.5–7.9","8.0+")))) -> 7.5–7.9 | Z31: =IF(T31="","",YEAR(T31)) -> 2023
A32: M 6.8 - | B32: 6.8 | C32: 20/01/2023 22:09 | D32: 4 | E32: 3 | F32: green | G32: 0 | H32: 718 | I32: us | J32: 60 | K32: 5.129 | L32: 61 | M32: mww | N32: 610.671 | O32: -26.7209 | P32: -63.0394 | R32: South America | S32: Argentina | T32: =IF(C32="","",DATE(VALUE(MID(C32,7,4)),VALUE(MID(C32,4,2)),VALUE(MID(C32,1,2)))+TIME(VALUE(MID(C32,12,2)),VALUE(MID(C32,15,2)),0)) -> 44946.923 | U32: =IFERROR(IF(ISNUMBER(VALUE(TRIM(MID(A32,FIND("-",A32)+1,FIND("km",A32)-FIND("-",A32)-1)))),"Distance + direction + city","Named-region"),"Named-region") -> Named-region | V32: =LOWER(M32) -> mww | W32: =COUNTIFS($A$2:$A$1001,A32,$C$2:$C$1001,C32) -> 1 | X32: =IF(W32>1,"Duplicate","Unique") -> Unique | Y32: =IF(B32<6.5,"<6.5",IF(B32<7,"6.5–6.9",IF(B32<7.5,"7.0–7.4",IF(B32<8,"7.5–7.9","8.0+")))) -> 6.5–6.9 | Z32: =IF(T32="","",YEAR(T32)) -> 2023
A33: M 7.0 - 153 km NW of Tobelo, Indonesia | B33: 7 | C33: 18/01/2023 06:06 | D33: 3 | E33: 5 | F33: green | G33: 1 | H33: 756 | I33: us | J33: 130 | K33: 1.974 | L33: 17 | M33: mwc | N33: 28.566 | O33: 2.7401 | P33: 127.051 | Q33: Tobelo, Indonesia | S33: Indonesia | T33: =IF(C33="","",DATE(VALUE(MID(C33,7,4)),VALUE(MID(C33,4,2)),VALUE(MID(C33,1,2)))+TIME(VALUE(MID(C33,12,2)),VALUE(MID(C33,15,2)),0)) -> 44944.254 | U33: =IFERROR(IF(ISNUMBER(VALUE(TRIM(MID(A33,FIND("-",A33)+1,FIND("km",A33)-FIND("-",A33)-1)))),"Distance + direction + city","Named-region"),"Named-region") -> Distance + direction + city | V33: =LOWER(M33) -> mwc | W33: =COUNTIFS($A$2:$A$1001,A33,$C$2:$C$1001,C33) -> 1 | X33: =IF(W33>1,"Duplicate","Unique") -> Unique | Y33: =IF(B33<6.5,"<6.5",IF(B33<7,"6.5–6.9",IF(B33<7.5,"7.0–7.4",IF(B33<8,"7.5–7.9","8.0+")))) -> 7.0–7.4 | Z33: =IF(T33="","",YEAR(T33)) -> 2023
A34: M 7.6 - Pulau Pulau Tanimbar, Indonesia | B34: 7.6 | C34: 09/01/2023 17:47 | D34: 5 | E34: 7 | F34: green | G34: 0 | H34: 957 | I34: us | J34: 114 | K34: 1.575 | L34: 21 | M34: mww | N34: 105.249 | O34: -7.0852 | P34: 130.039 | Q34: Pulau Pulau Tanimbar, Indonesia | S34: Indonesia | T34: =IF(C34="","",DATE(VALUE(MID(C34,7,4)),VALUE(MID(C34,4,2)),VALUE(MID(C34,1,2)))+TIME(VALUE(MID(C34,12,2)),VALUE(MID(C34,15,2)),0)) -> 44935.741 | U34: =IFERROR(IF(ISNUMBER(VALUE(TRIM(MID(A34,FIND("-",A34)+1,FIND("km",A34)-FIND("-",A34)-1)))),"Distance + direction + city","Named-region"),"Named-region") -> Named-region | V34: =LOWER(M34) -> mww | W34: =COUNTIFS($A$2:$A$1001,A34,$C$2:$C$1001,C34) -> 1 | X34: =IF(W34>1,"Duplicate","Unique") -> Unique | Y34: =IF(B34<6.5,"<6.5",IF(B34<7,"6.5–6.9",IF(B34<7.5,"7.0–7.4",IF(B34<8,"7.5–7.9","8.0+")))) -> 7.5–7.9 | Z34: =IF(T34="","",YEAR(T34)) -> 2023
A35: M 7.0 - Vanuatu | B35: 7 | C35: 08/01/2023 12:32 | D35: 8 | E35: 7 | F35: green | G35: 1 | H35: 768 | I35: us | J35: 116 | K35: 6.096 | L35: 36 | M35: mww | N35: 29 | O35: -14.9383 | P35: 166.878 | Q35: Vanuatu | S35: Vanuatu | T35: =IF(C35="","",DATE(VALUE(MID(C35,7,4)),VALUE(MID(C35,4,2)),VALUE(MID(C35,1,2)))+TIME(VALUE(MID(C35,12,2)),VALUE(MID(C35,15,2)),0)) -> 44934.522 | U35: =IFERROR(IF(ISNUMBER(VALUE(TRIM(MID(A35,FIND("-",A35)+1,FIND("km",A35)-FIND("-",A35)-1)))),"Distance + direction + city","Named-region"),"Named-region") -> Named-region | V35: =LOWER(M35) -> mww | W35: =COUNTIFS($A$2:$A$1001,A35,$C$2:$C$1001,C35) -> 1 | X35: =IF(W35>1,"Duplicate","Unique") -> Unique | Y35: =IF(B35<6.5,"<6.5",IF(B35<7,"6.5–6.9",IF(B35<7.5,"7.0–7.4",IF(B35<8,"7.5–7.9","8.0+")))) -> 7.0–7.4 | Z35: =IF(T35="","",YEAR(T35)) -> 2023
A36: M 6.8 - 109 km NE of Hihifo, Tonga | B36: 6.8 | C36: 04/12/2022 19:24 | D36: 5 | E36: 5 | F36: green | G36: 1 | H36: 720 | I36: us | J36: 152 | K36: 2.587 | L36: 26 | M36: mww | N36: 38 | O36: -15.3983 | P36: -172.968 | Q36: Hihifo, Tonga | T36: =IF(C36="","",DATE(VALUE(MID(C36,7,4)),VALUE(MID(C36,4,2)),VALUE(MID(C36,1,2)))+TIME(VALUE(MID(C36,12,2)),VALUE(MID(C36,15,2)),0)) -> 44899.808 | U36: =IFERROR(IF(ISNUMBER(VALUE(TRIM(MID(A36,FIND("-",A36)+1,FIND("km",A36)-FIND("-",A36)-1)))),"Distance + direction + city","Named-region"),"Named-region") -> Distance + direction + city | V36: =LOWER(M36) -> mww | W36: =COUNTIFS($A$2:$A$1001,A36,$C$2:$C$1001,C36) -> 1 | X36: =IF(W36>1,"Duplicate","Unique") -> Unique | Y36: =IF(B36<6.5,"<6.5",IF(B36<7,"6.5–6.9",IF(B36<7.5,"7.0–7.4",IF(B36<8,"7.5–7.9","8.0+")))) -> 6.5–6.9 | Z36: =IF(T36="","",YEAR(T36)) -> 2022
A37: M 7.0 - 18 km SW of Malango, Solomon Islands | B37: 7 | C37: 22/11/2022 02:03 | D37: 8 | E37: 7 | F37: green | G37: 1 | H37: 768 | I37: us | J37: 117 | K37: 0.509 | L37: 17 | M37: mww | N37: 14 | O37: -9.7963 | P37: 159.596 | Q37: Malango, Solomon Islands | R37: Oceania | S37: Solomon Islands | T37: =IF(C37="","",DATE(VALUE(MID(C37,7,4)),VALUE(MID(C37,4,2)),VALUE(MID(C37,1,2)))+TIME(VALUE(MID(C37,12,2)),VALUE(MID(C37,15,2)),0)) -> 44887.085 | U37: =IFERROR(IF(ISNUMBER(VALUE(TRIM(MID(A37,FIND("-",A37)+1,FIND("km",A37)-FIND("-",A37)-1)))),"Distance + direction + city","Named-region"),"Named-region") -> Distance + direction + city | V37: =LOWER(M37) -> mww | W37: =COUNTIFS($A$2:$A$1001,A37,$C$2:$C$1001,C37) -> 1 | X37: =IF(W37>1,"Duplicate","Unique") -> Unique | Y37: =IF(B37<6.5,"<6.5",IF(B37<7,"6.5–6.9",IF(B37<7.5,"7.0–7.4",IF(B37<8,"7.5–7.9","8.0+")))) -> 7.0–7.4 | Z37: =IF(T37="","",YEAR(T37)) -> 2022
A38: M 6.9 - 204 km SW of Bengkulu, Indonesia | B38: 6.9 | C38: 18/11/2022 13:37 | D38: 4 | E38: 4 | F38: green | G38: 0 | H38: 735 | I38: us | J38: 99 | K38: 2.229 | L38: 34 | M38: mww | N38: 25 | O38: -4.9559 | P38: 100.738 | Q38: Bengkulu, Indonesia | T38: =IF(C38="","",DATE(VALUE(MID(C38,7,4)),VALUE(MID(C38,4,2)),VALUE(MID(C38,1,2)))+TIME(VALUE(MID(C38,12,2)),VALUE(MID(C38,15,2)),0)) -> 44883.567 | U38: =IFERROR(IF(ISNUMBER(VALUE(TRIM(MID(A38,FIND("-",A38)+1,FIND("km",A38)-FIND("-",A38)-1)))),"Distance + direction + city","Named-region"),"Named-region") -> Distance + direction + city | V38: =LOWER(M38) -> mww | W38: =COUNTIFS($A$2:$A$1001,A38,$C$2:$C$1001,C38) -> 1 | X38: =IF(W38>1,"Duplicate","Unique") -> Unique | Y38: =IF(B38<6.5,"<6.5",IF(B38<7,"6.5–6.9",IF(B38<7.5,"7.0–7.4",IF(B38<8,"7.5–7.9","8.0+")))) -> 6.5–6.9 | Z38: =IF(T38="","",YEAR(T38)) -> 2022
A39: M 7.0 - | B39: 7 | C39: 12/11/2022 07:09 | D39: 3 | E39: 3 | F39: green | G39: 1 | H39: 755 | I39: us | J39: 147 | K39: 3.125 | L39: 18 | M39: mww | N39: 579 | O39: -20.0508 | P39: -178.346 | R39: Oceania | S39: Fiji | T39: =IF(C39="","",DATE(VALUE(MID(C39,7,4)),VALUE(MID(C39,4,2)),VALUE(MID(C39,1,2)))+TIME(VALUE(MID(C39,12,2)),VALUE(MID(C39,15,2)),0)) -> 44877.298 | U39: =IFERROR(IF(ISNUMBER(VALUE(TRIM(MID(A39,FIND("-",A39)+1,FIND("km",A39)-FIND("-",A39)-1)))),"Distance + direction + city","Named-region"),"Named-region") -> Named-region | V39: =LOWER(M39) -> mww | W39: =COUNTIFS($A$2:$A$1001,A39,$C$2:$C$1001,C39) -> 1 | X39: =IF(W39>1,"Duplicate","Unique") -> Unique | Y39: =IF(B39<6.5,"<6.5",IF(B39<7,"6.5–6.9",IF(B39<7.5,"7.0–7.4",IF(B39<8,"7.5–7.9","8.0+")))) -> 7.0–7.4 | Z39: =IF(T39="","",YEAR(T39)) -> 2022
A40: M 7.3 - 205 km ESE of Neiafu, Tonga | B40: 7.3 | C40: 11/11/2022 10:48 | D40: 5 | E40: 5 | F40: green | G40: 1 | H40: 833 | I40: us | J40: 149 | K40: 1.865 | L40: 21 | M40: mww | N40: 37 | O40: -19.2918 | P40: -172.129 | Q40: Neiafu, Tonga | T40: =IF(C40="","",DATE(VALUE(MID(C40,7,4)),VALUE(MID(C40,4,2)),VALUE(MID(C40,1,2)))+TIME(VALUE(MID(C40,12,2)),VALUE(MID(C40,15,2)),0)) -> 44876.45 | U40: =IFERROR(IF(ISNUMBER(VALUE(TRIM(MID(A40,FIND("-",A40)+1,FIND("km",A40)-FIND("-",A40)-1)))),"Distance + direction + city","Named-region"),"Named-region") -> Distance + direction + city | V40: =LOWER(M40) -> mww | W40: =COUNTIFS($A$2:$A$1001,A40,$C$2:$C$1001,C40) -> 1 | X40: =IF(W40>1,"Duplicate","Unique") -> Unique | Y40: =IF(B40<6.5,"<6.5",IF(B40<7,"6.5–6.9",IF(B40<7.5,"7.0–7.4",IF(B40<8,"7.5–7.9","8.0+")))) -> 7.0–7.4 | Z40: =IF(T40="","",YEAR(T40)) -> 2022
A41: M 6.6 - | B41: 6.6 | C41: 09/11/2022 10:14 | D41: 0 | E41: 2 | F41: green | G41: 1 | H41: 670 | I41: us | J41: 131 | K41: 4.998 | L41: 27 | M41: mww | N41: 624.464 | O41: -25.5948 | P41: 178.278 | T41: =IF(C41="","",DATE(VALUE(MID(C41,7,4)),VALUE(MID(C41,4,2)),VALUE(MID(C41,1,2)))+TIME(VALUE(MID(C41,12,2)),VALUE(MID(C41,15,2)),0)) -> 44874.426 | U41: =IFERROR(IF(ISNUMBER(VALUE(TRIM(MID(A41,FIND("-",A41)+1,FIND("km",A41)-FIND("-",A41)-1)))),"Distance + direction + city","Named-region"),"Named-region") -> Named-region | V41: =LOWER(M41) -> mww | W41: =COUNTIFS($A$2:$A$1001,A41,$C$2:$C$1001,C41) -> 1 | X41: =IF(W41>1,"Duplicate","Unique") -> Unique | Y41: =IF(B41<6.5,"<6.5",IF(B41<7,"6.5–6.9",IF(B41<7.5,"7.0–7.4",IF(B41<8,"7.5–7.9","8.0+")))) -> 6.5–6.9 | Z41: =IF(T41="","",YEAR(T41)) -> 2022
A42: M 7.0 - south of the Fiji Islands | B42: 7 | C42: 09/11/2022 09:51 | D42: 4 | E42: 3 | F42: green | G42: 1 | H42: 755 | I42: us | J42: 142 | K42: 4.578 | L42: 26 | M42: mwb | N42: 660 | O42: -26.0442 | P42: 178.381 | Q42: the Fiji Islands | T42: =IF(C42="","",DATE(VALUE(MID(C42,7,4)),VALUE(MID(C42,4,2)),VALUE(MID(C42,1,2)))+TIME(VALUE(MID(C42,12,2)),VALUE(MID(C42,15,2)),0)) -> 44874.41 | U42: =IFERROR(IF(ISNUMBER(VALUE(TRIM(MID(A42,FIND("-",A42)+1,FIND("km",A42)-FIND("-",A42)-1)))),"Distance + direction + city","Named-region"),"Named-region") -> Named-region | V42: =LOWER(M42) -> mwb | W42: =COUNTIFS($A$2:$A$1001,A42,$C$2:$C$1001,C42) -> 1 | X42: =IF(W42>1,"Duplicate","Unique") -> Unique | Y42: =IF(B42<6.5,"<6.5",IF(B42<7,"6.5–6.9",IF(B42<7.5,"7.0–7.4",IF(B42<8,"7.5–7.9","8.0+")))) -> 7.0–7.4 | Z42: =IF(T42="","",YEAR(T42)) -> 2022
A43: M 6.8 - south of the Fiji Islands | B43: 6.8 | C43: 09/11/2022 09:38 | D43: 1 | E43: 3 | F43: green | G43: 1 | H43: 711 | I43: us | J43: 136 | K43: 4.678 | L43: 22 | M43: mww | N43: 630.379 | O43: -25.9678 | P43: 178.363 | Q43: the Fiji Islands | T43: =IF(C43="","",DATE(VALUE(MID(C43,7,4)),VALUE(MID(C43,4,2)),VALUE(MID(C43,1,2)))+TIME(VALUE(MID(C43,12,2)),VALUE(MID(C43,15,2)),0)) -> 44874.401 | U43: =IFERROR(IF(ISNUMBER(VALUE(TRIM(MID(A43,FIND("-",A43)+1,FIND("km",A43)-FIND("-",A43)-1)))),"Distance + direction + city","Named-region"),"Named-region") -> Named-region | V43: =LOWER(M43) -> mww | W43: =COUNTIFS($A$2:$A$1001,A43,$C$2:$C$1001,C43) -> 1 | X43: =IF(W43>1,"Duplicate","Unique") -> Unique | Y43: =IF(B43<6.5,"<6.5",IF(B43<7,"6.5–6.9",IF(B43<7.5,"7.0–7.4",IF(B43<8,"7.5–7.9","8.0+")))) -> 6.5–6.9 | Z43: =IF(T43="","",YEAR(T43)) -> 2022
A44: M 6.7 - 60 km SSW of Boca Chica, Panama | B44: 6.7 | C44: 20/10/2022 11:57 | D44: 7 | E44: 6 | F44: green | G44: 1 | H44: 797 | I44: us | J44: 145 | K44: 1.151 | L44: 37 | M44: mww | N44: 20 | O44: 7.6712 | P44: -82.3396 | Q44: Boca Chica, Panama | S44: Panama | T44: =IF(C44="","",DATE(VALUE(MID(C44,7,4)),VALUE(MID(C44,4,2)),VALUE(MID(C44,1,2)))+TIME(VALUE(MID(C44,12,2)),VALUE(MID(C44,15,2)),0)) -> 44854.498 | U44: =IFERROR(IF(ISNUMBER(VALUE(TRIM(MID(A44,FIND("-",A44)+1,FIND("km",A44)-FIND("-",A44)-1)))),"Distance + direction + city","Named-region"),"Named-region") -> Distance + direction + city | V44: =LOWER(M44) -> mww | W44: =COUNTIFS($A$2:$A$1001,A44,$C$2:$C$1001,C44) -> 1 | X44: =IF(W44>1,"Duplicate","Unique") -> Unique | Y44: =IF(B44<6.5,"<6.5",IF(B44<7,"6.5–6.9",IF(B44<7.5,"7.0–7.4",IF(B44<8,"7.5–7.9","8.0+")))) -> 6.5–6.9 | Z44: =IF(T44="","",YEAR(T44)) -> 2022
A45: M 6.8 - 55 km SSW of Aguililla, Mexico | B45: 6.8 | C45: 22/09/2022 06:16 | D45: 8 | E45: 7 | F45: yellow | G45: 1 | H45: 1179 | I45: us | J45: 175 | K45: 2.137 | L45: 92 | M45: mww | N45: 20 | O45: 18.33 | P45: -102.913 | Q45: Aguililla, Mexico | R45: North America | S45: Mexico | T45: =IF(C45="","",DATE(VALUE(MID(C45,7,4)),VALUE(MID(C45,4,2)),VALUE(MID(C45,1,2)))+TIME(VALUE(MID(C45,12,2)),VALUE(MID(C45,15,2)),0)) -> 44826.261 | U45: =IFERROR(IF(ISNUMBER(VALUE(TRIM(MID(A45,FIND("-",A45)+1,FIND("km",A45)-FIND("-",A45)-1)))),"Distance + direction + city","Named-region"),"Named-region") -> Distance + direction + city | V45: =LOWER(M45) -> mww | W45: =COUNTIFS($A$2:$A$1001,A45,$C$2:$C$1001,C45) -> 1 | X45: =IF(W45>1,"Duplicate","Unique") -> Unique | Y45: =IF(B45<6.5,"<6.5",IF(B45<7,"6.5–6.9",IF(B45<7.5,"7.0–7.4",IF(B45<8,"7.5–7.9","8.0+")))) -> 6.5–6.9 | Z45: =IF(T45="","",YEAR(T45)) -> 2022
A46: M 7.6 - 35 km SSW of Aguililla, Mexico | B46: 7.6 | C46: 19/09/2022 18:05 | D46: 9 | E46: 8 | F46: yellow | G46: 1 | H46: 1799 | I46: us | J46: 271 | K46: 1.153 | L46: 69 | M46: mww | N46: 26.943 | O46: 18.3667 | P46: -103.252 | Q46: Aguililla, Mexico | R46: North America | S46: Mexico | T46: =IF(C46="","",DATE(VALUE(MID(C46,7,4)),VALUE(MID(C46,4,2)),VALUE(MID(C46,1,2)))+TIME(VALUE(MID(C46,12,2)),VALUE(MID(C46,15,2)),0)) -> 44823.753 | U46: =IFERROR(IF(ISNUMBER(VALUE(TRIM(MID(A46,FIND("-",A46)+1,FIND("km",A46)-FIND("-",A46)-1)))),"Distance + direction + city","Named-region"),"Named-region") -> Distance + direction + city | V46: =LOWER(M46) -> mww | W46: =COUNTIFS($A$2:$A$1001,A46,$C$2:$C$1001,C46) -> 1 | X46: =IF(W46>1,"Duplicate","Unique") -> Unique | Y46: =IF(B46<6.5,"<6.5",IF(B46<7,"6.5–6.9",IF(B46<7.5,"7.0–7.4",IF(B46<8,"7.5–7.9","8.0+")))) -> 7.5–7.9 | Z46: =IF(T46="","",YEAR(T46)) -> 2022
A47: M 6.9 - 90 km E of Yujing, Taiwan | B47: 6.9 | C47: 18/09/2022 06:44 | D47: 9 | E47: 9 | F47: yellow | G47: 1 | H47: 887 | I47: us | J47: 215 | K47: 0.401 | L47: 34 | M47: mww | N47: 10 | O47: 23.1444 | P47: 121.307 | Q47: Yujing, Taiwan | R47: Asia | S47: Taiwan | T47: =IF(C47="","",DATE(VALUE(MID(C47,7,4)),VALUE(MID(C47,4,2)),VALUE(MID(C47,1,2)))+TIME(VALUE(MID(C47,12,2)),VALUE(MID(C47,15,2)),0)) -> 44822.281 | U47: =IFERROR(IF(ISNUMBER(VALUE(TRIM(MID(A47,FIND("-",A47)+1,FIND("km",A47)-FIND("-",A47)-1)))),"Distance + direction + city","Named-region"),"Named-region") -> Distance + direction + city | V47: =LOWER(M47) -> mww | W47: =COUNTIFS($A$2:$A$1001,A47,$C$2:$C$1001,C47) -> 1 | X47: =IF(W47>1,"Duplicate","Unique") -> Unique | Y47: =IF(B47<6.5,"<6.5",IF(B47<7,"6.5–6.9",IF(B47<7.5,"7.0–7.4",IF(B47<8,"7.5–7.9","8.0+")))) -> 6.5–6.9 | Z47: =IF(T47="","",YEAR(T47)) -> 2022
A48: M 6.5 - 96 km SE of Lugu, Taiwan | B48: 6.5 | C48: 17/09/2022 13:41 | D48: 7 | E48: 7 | F48: green | G48: 1 | H48: 756 | I48: us | J48: 178 | K48: 0.43 | L48: 54 | M48: mww | N48: 10 | O48: 23.029 | P48: 121.348 | Q48: Lugu, Taiwan | R48: Asia | S48: Taiwan | T48: =IF(C48="","",DATE(VALUE(MID(C48,7,4)),VALUE(MID(C48,4,2)),VALUE(MID(C48,1,2)))+TIME(VALUE(MID(C48,12,2)),VALUE(MID(C48,15,2)),0)) -> 44821.57 | U48: =IFERROR(IF(ISNUMBER(VALUE(TRIM(MID(A48,FIND("-",A48)+1,FIND("km",A48)-FIND("-",A48)-1)))),"Distance + direction + city","Named-region"),"Named-region") -> Distance + direction + city | V48: =LOWER(M48) -> mww | W48: =COUNTIFS($A$2:$A$1001,A48,$C$2:$C$1001,C48) -> 1 | X48: =IF(W48>1,"Duplicate","Unique") -> Unique | Y48: =IF(B48<6.5,"<6.5",IF(B48<7,"6.5–6.9",IF(B48<7.5,"7.0–7.4",IF(B48<8,"7.5–7.9","8.0+")))) -> 6.5–6.9 | Z48: =IF(T48="","",YEAR(T48)) -> 2022
A49: M 7.0 - 209 km SSE of Isangel, Vanuatu | B49: 7 | C49: 14/09/2022 11:04 | D49: 7 | E49: 5 | F49: green | G49: 1 | H49: 761 | I49: us | J49: 192 | K49: 2.977 | L49: 45 | M49: mww | N49: 137 | O49: -21.2077 | P49: 170.239 | Q49: Isangel, Vanuatu | T49: =IF(C49="","",DATE(VALUE(MID(C49,7,4)),VALUE(MID(C49,4,2)),VALUE(MID(C49,1,2)))+TIME(VALUE(MID(C49,12,2)),VALUE(MID(C49,15,2)),0)) -> 44818.461 | U49: =IFERROR(IF(ISNUMBER(VALUE(TRIM(MID(A49,FIND("-",A49)+1,FIND("km",A49)-FIND("-",A49)-1)))),"Distance + direction + city","Named-region"),"Named-region") -> Distance + direction + city | V49: =LOWER(M49) -> mww | W49: =COUNTIFS($A$2:$A$1001,A49,$C$2:$C$1001,C49) -> 1 | X49: =IF(W49>1,"Duplicate","Unique") -> Unique | Y49: =IF(B49<6.5,"<6.5",IF(B49<7,"6.5–6.9",IF(B49<7.5,"7.0–7.4",IF(B49<8,"7.5–7.9","8.0+")))) -> 7.0–7.4 | Z49: =IF(T49="","",YEAR(T49)) -> 2022
A50: M 7.6 - 70 km E of Kainantu, Papua New Guinea | B50: 7.6 | C50: 10/09/2022 23:47 | D50: 8 | E50: 8 | F50: yellow | G50: 1 | H50: 965 | I50: us | J50: 272 | K50: 3.158 | L50: 12 | M50: mww | N50: 116 | O50: -6.2237 | P50: 146.471 | Q50: Kainantu, Papua New Guinea | R50: Oceania | S50: Papua New Guinea | T50: =IF(C50="","",DATE(VALUE(MID(C50,7,4)),VALUE(MID(C50,4,2)),VALUE(MID(C50,1,2)))+TIME(VALUE(MID(C50,12,2)),VALUE(MID(C50,15,2)),0)) -> 44814.991 | U50: =IFERROR(IF(ISNUMBER(VALUE(TRIM(MID(A50,FIND("-",A50)+1,FIND("km",A50)-FIND("-",A50)-1)))),"Distance + direction + city","Named-region"),"Named-region") -> Distance + direction + city | V50: =LOWER(M50) -> mww | W50: =COUNTIFS($A$2:$A$1001,A50,$C$2:$C$1001,C50) -> 1 | X50: =IF(W50>1,"Duplicate","Unique") -> Unique | Y50: =IF(B50<6.5,"<6.5",IF(B50<7,"6.5–6.9",IF(B50<7.5,"7.0–7.4",IF(B50<8,"7.5–7.9","8.0+")))) -> 7.5–7.9 | Z50: =IF(T50="","",YEAR(T50)) -> 2022
A51: M 6.6 - 44 km SE of Kangding, China | B51: 6.6 | C51: 05/09/2022 04:52 | D51: 9 | E51: 8 | F51: orange | G51: 0 | H51: 1043 | I51: us | J51: 141 | K51: 8.454 | L51: 34 | M51: mww | N51: 12 | O51: 29.7263 | P51: 102.279 | Q51: Kangding, China | R51: Asia | S51: People's Republic of China | T51: =IF(C51="","",DATE(VALUE(MID(C51,7,4)),VALUE(MID(C51,4,2)),VALUE(MID(C51,1,2)))+TIME(VALUE(MID(C51,12,2)),VALUE(MID(C51,15,2)),0)) -> 44809.203 | U51: =IFERROR(IF(ISNUMBER(VALUE(TRIM(MID(A51,FIND("-",A51)+1,FIND("km",A51)-FIND("-",A51)-1)))),"Distance + direction + city","Named-region"),"Named-region") -> Distance + direction + city | V51: =LOWER(M51) -> mww | W51: =COUNTIFS($A$2:$A$1001,A51,$C$2:$C$1001,C51) -> 1 | X51: =IF(W51>1,"Duplicate","Unique") -> Unique | Y51: =IF(B51<6.5,"<6.5",IF(B51<7,"6.5–6.9",IF(B51<7.5,"7.0–7.4",IF(B51<8,"7.5–7.9","8.0+")))) -> 6.5–6.9 | Z51: =IF(T51="","",YEAR(T51)) -> 2022
A52: M 6.6 - south of the Kermadec Islands | B52: 6.6 | C52: 14/08/2022 13:44 | D52: 7 | E52: 6 | F52: green | G52: 1 | H52: 672 | I52: us | J52: 68 | K52: 5.293 | L52: 34 | M52: mww | N52: 30 | O52: -32.6922 | P52: -178.959 | Q52: the Kermadec Islands | T52: =IF(C52="","",DATE(VALUE(MID(C52,7,4)),VALUE(MID(C52,4,2)),VALUE(MID(C52,1,2)))+TIME(VALUE(MID(C52,12,2)),VALUE(MID(C52,15,2)),0)) -> 44787.572 | U52: =IFERROR(IF(ISNUMBER(VALUE(TRIM(MID(A52,FIND("-",A52)+1,FIND("km",A52)-FIND("-",A52)-1)))),"Distance + direction + city","Named-region"),"Named-region") -> Named-region | V52: =LOWER(M52) -> mww | W52: =COUNTIFS($A$2:$A$1001,A52,$C$2:$C$1001,C52) -> 1 | X52: =IF(W52>1,"Duplicate","Unique") -> Unique | Y52: =IF(B52<6.5,"<6.5",IF(B52<7,"6.5–6.9",IF(B52<7.5,"7.0–7.4",IF(B52<8,"7.5–7.9","8.0+")))) -> 6.5–6.9 | Z52: =IF(T52="","",YEAR(T52)) -> 2022
A53: M 7.0 - 11 km NE of Bantay, Philippines | B53: 7 | C53: 27/07/2022 00:43 | D53: 9 | E53: 8 | F53: yellow | G53: 1 | H53: 1351 | I53: us | J53: 152 | K53: 5.276 | L53: 22 | M53: mww | N53: 33.729 | O53: 17.5978 | P53: 120.809 | Q53: Bantay, Philippines | R53: Asia | S53: Philippines | T53: =IF(C53="","",DATE(VALUE(MID(C53,7,4)),VALUE(MID(C53,4,2)),VALUE(MID(C53,1,2)))+TIME(VALUE(MID(C53,12,2)),VALUE(MID(C53,15,2)),0)) -> 44769.03 | U53: =IFERROR(IF(ISNUMBER(VALUE(TRIM(MID(A53,FIND("-",A53)+1,FIND("km",A53)-FIND("-",A53)-1)))),"Distance + direction + city","Named-region"),"Named-region") -> Distance + direction + city | V53: =LOWER(M53) -> mww | W53: =COUNTIFS($A$2:$A$1001,A53,$C$2:$C$1001,C53) -> 1 | X53: =IF(W53>1,"Duplicate","Unique") -> Unique | Y53: =IF(B53<6.5,"<6.5",IF(B53<7,"6.5–6.9",IF(B53<7.5,"7.0–7.4",IF(B53<8,"7.5–7.9","8.0+")))) -> 7.0–7.4 | Z53: =IF(T53="","",YEAR(T53)) -> 2022
A54: M 6.5 - 107 km SSW of Tarauacá, Brazil | B54: 6.5 | C54: 08/06/2022 00:55 | D54: 3 | E54: 2 | F54: green | G54: 0 | H54: 653 | I54: us | J54: 236 | K54: 1.999 | L54: 31 | M54: mww | N54: 622.73 | O54: -9.0618 | P54: -71.1647 | Q54: Tarauacá, Brazil | R54: South America | S54: Brazil | T54: =IF(C54="","",DATE(VALUE(MID(C54,7,4)),VALUE(MID(C54,4,2)),VALUE(MID(C54,1,2)))+TIME(VALUE(MID(C54,12,2)),VALUE(MID(C54,15,2)),0)) -> 44720.038 | U54: =IFERROR(IF(ISNUMBER(VALUE(TRIM(MID(A54,FIND("-",A54)+1,FIND("km",A54)-FIND("-",A54)-1)))),"Distance + direction + city","Named-region"),"Named-region") -> Distance + direction + city | V54: =LOWER(M54) -> mww | W54: =COUNTIFS($A$2:$A$1001,A54,$C$2:$C$1001,C54) -> 1 | X54: =IF(W54>1,"Duplicate","Unique") -> Unique | Y54: =IF(B54<6.5,"<6.5",IF(B54<7,"6.5–6.9",IF(B54<7.5,"7.0–7.4",IF(B54<8,"7.5–7.9","8.0+")))) -> 6.5–6.9 | Z54: =IF(T54="","",YEAR(T54)) -> 2022
A55: M 7.2 - 10 km W of Azángaro, Peru | B55: 7.2 | C55: 26/05/2022 12:02 | D55: 7 | E55: 5 | F55: green | G55: 1 | H55: 876 | I55: us | J55: 144 | K55: 2.494 | L55: 40 | M55: mww | N55: 236 | O55: -14.8628 | P55: -70.3081 | Q55: Azángaro, Peru | R55: South America | S55: Peru | T55: =IF(C55="","",DATE(VALUE(MID(C55,7,4)),VALUE(MID(C55,4,2)),VALUE(MID(C55,1,2)))+TIME(VALUE(MID(C55,12,2)),VALUE(MID(C55,15,2)),0)) -> 44707.501 | U55: =IFERROR(IF(ISNUMBER(VALUE(TRIM(MID(A55,FIND("-",A55)+1,FIND("km",A55)-FIND("-",A55)-1)))),"Distance + direction + city","Named-region"),"Named-region") -> Distance + direction + city | V55: =LOWER(M55) -> mww | W55: =COUNTIFS($A$2:$A$1001,A55,$C$2:$C$1001,C55) -> 1 | X55: =IF(W55>1,"Duplicate","Unique") -> Unique | Y55: =IF(B55<6.5,"<6.5",IF(B55<7,"6.5–6.9",IF(B55<7.5,"7.0–7.4",IF(B55<8,"7.5–7.9","8.0+")))) -> 7.0–7.4 | Z55: =IF(T55="","",YEAR(T55)) -> 2022
A56: M 6.9 - | B56: 6.9 | C56: 19/05/2022 10:13 | D56: 2 | E56: 5 | F56: green | G56: 1 | H56: 733 | I56: us | J56: 127 | K56: 0.371 | L56: 45 | M56: mww | N56: 10 | O56: -54.1325 | P56: 159.027 | T56: =IF(C56="","",DATE(VALUE(MID(C56,7,4)),VALUE(MID(C56,4,2)),VALUE(MID(C56,1,2)))+TIME(VALUE(MID(C56,12,2)),VALUE(MID(C56,15,2)),0)) -> 44700.426 | U56: =IFERROR(IF(ISNUMBER(VALUE(TRIM(MID(A56,FIND("-",A56)+1,FIND("km",A56)-FIND("-",A56)-1)))),"Distance + direction + city","Named-region"),"Named-region") -> Named-region | V56: =LOWER(M56) -> mww | W56: =COUNTIFS($A$2:$A$1001,A56,$C$2:$C$1001,C56) -> 1 | X56: =IF(W56>1,"Duplicate","Unique") -> Unique | Y56: =IF(B56<6.5,"<6.5",IF(B56<7,"6.5–6.9",IF(B56<7.5,"7.0–7.4",IF(B56<8,"7.5–7.9","8.0+")))) -> 6.5–6.9 | Z56: =IF(T56="","",YEAR(T56)) -> 2022
A57: M 6.8 - 86 km NNW of San Antonio de los Cobres, Argentina | B57: 6.8 | C57: 10/05/2022 23:06 | D57: 6 | E57: 5 | F57: green | G57: 1 | H57: 762 | I57: us | J57: 162 | K57: 1.505 | L57: 30 | M57: mww | N57: 220 | O57: -23.6141 | P57: -66.7236 | Q57: San Antonio de los Cobres, Argentina | R57: South America | S57: Argentina | T57: =IF(C57="","",DATE(VALUE(MID(C57,7,4)),VALUE(MID(C57,4,2)),VALUE(MID(C57,1,2)))+TIME(VALUE(MID(C57,12,2)),VALUE(MID(C57,15,2)),0)) -> 44691.963 | U57: =IFERROR(IF(ISNUMBER(VALUE(TRIM(MID(A57,FIND("-",A57)+1,FIND("km",A57)-FIND("-",A57)-1)))),"Distance + direction + city","Named-region"),"Named-region") -> Distance + direction + city | V57: =LOWER(M57) -> mww | W57: =COUNTIFS($A$2:$A$1001,A57,$C$2:$C$1001,C57) -> 1 | X57: =IF(W57>1,"Duplicate","Unique") -> Unique | Y57: =IF(B57<6.5,"<6.5",IF(B57<7,"6.5–6.9",IF(B57<7.5,"7.0–7.4",IF(B57<8,"7.5–7.9","8.0+")))) -> 6.5–6.9 | Z57: =IF(T57="","",YEAR(T57)) -> 2022
A58: M 6.6 - 55 km WSW of Masachapa, Nicaragua | B58: 6.6 | C58: 21/04/2022 07:42 | D58: 6 | E58: 5 | F58: green | G58: 1 | H58: 762 | I58: us | J58: 0 | K58: 0.914 | L58: 94 | M58: mww | N58: 27 | O58: 11.5538 | P58: -86.9919 | Q58: Masachapa, Nicaragua | T58: =IF(C58="","",DATE(VALUE(MID(C58,7,4)),VALUE(MID(C58,4,2)),VALUE(MID(C58,1,2)))+TIME(VALUE(MID(C58,12,2)),VALUE(MID(C58,15,2)),0)) -> 44672.321 | U58: =IFERROR(IF(ISNUMBER(VALUE(TRIM(MID(A58,FIND("-",A58)+1,FIND("km",A58)-FIND("-",A58)-1)))),"Distance + direction + city","Named-region"),"Named-region") -> Distance + direction + city | V58: =LOWER(M58) -> mww | W58: =COUNTIFS($A$2:$A$1001,A58,$C$2:$C$1001,C58) -> 1 | X58: =IF(W58>1,"Duplicate","Unique") -> Unique | Y58: =IF(B58<6.5,"<6.5",IF(B58<7,"6.5–6.9",IF(B58<7.5,"7.0–7.4",IF(B58<8,"7.5–7.9","8.0+")))) -> 6.5–6.9 | Z58: =IF(T58="","",YEAR(T58)) -> 2022
A59: M 7.0 - southeast of the Loyalty Islands | B59: 7 | C59: 31/03/2022 05:44 | D59: 6 | E59: 4 | F59: green | G59: 1 | H59: 763 | I59: us | J59: 0 | K59: 2.705 | L59: 26 | M59: mww | N59: 10 | O59: -22.5732 | P59: 170.349 | Q59: the Loyalty Islands | T59: =IF(C59="","",DATE(VALUE(MID(C59,7,4)),VALUE(MID(C59,4,2)),VALUE(MID(C59,1,2)))+TIME(VALUE(MID(C59,12,2)),VALUE(MID(C59,15,2)),0)) -> 44651.239 | U59: =IFERROR(IF(ISNUMBER(VALUE(TRIM(MID(A59,FIND("-",A59)+1,FIND("km",A59)-FIND("-",A59)-1)))),"Distance + direction + city","Named-region"),"Named-region") -> Named-region | V59: =LOWER(M59) -> mww | W59: =COUNTIFS($A$2:$A$1001,A59,$C$2:$C$1001,C59) -> 1 | X59: =IF(W59>1,"Duplicate","Unique") -> Unique | Y59: =IF(B59<6.5,"<6.5",IF(B59<7,"6.5–6.9",IF(B59<7.5,"7.0–7.4",IF(B59<8,"7.5–7.9","8.0+")))) -> 7.0–7.4 | Z59: =IF(T59="","",YEAR(T59)) -> 2022
A60: M 6.9 - 284 km ESE of Tadine, New Caledonia | B60: 6.9 | C60: 30/03/2022 20:56 | D60: 6 | E60: 4 | F60: green | G60: 1 | H60: 738 | I60: us | J60: 0 | K60: 2.697 | L60: 42 | M60: mww | N60: 10 | O60: -22.72 | P60: 170.277 | Q60: Tadine, New Caledonia | T60: =IF(C60="","",DATE(VALUE(MID(C60,7,4)),VALUE(MID(C60,4,2)),VALUE(MID(C60,1,2)))+TIME(VALUE(MID(C60,12,2)),VALUE(MID(C60,15,2)),0)) -> 44650.872 | U60: =IFERROR(IF(ISNUMBER(VALUE(TRIM(MID(A60,FIND("-",A60)+1,FIND("km",A60)-FIND("-",A60)-1)))),"Distance + direction + city","Named-region"),"Named-region") -> Distance + direction + city | V60: =LOWER(M60) -> mww | W60: =COUNTIFS($A$2:$A$1001,A60,$C$2:$C$1001,C60) -> 1 | X60: =IF(W60>1,"Duplicate","Unique") -> Unique | Y60: =IF(B60<6.5,"<6.5",IF(B60<7,"6.5–6.9",IF(B60<7.5,"7.0–7.4",IF(B60<8,"7.5–7.9","8.0+")))) -> 6.5–6.9 | Z60: =IF(T60="","",YEAR(T60)) -> 2022
A61: M 6.7 - 65 km S of Hualien City, Taiwan | B61: 6.7 | C61: 22/03/2022 17:41 | D61: 8 | E61: 7 | F61: green | G61: 1 | H61: 806 | I61: us | J61: 0 | K61: 0.289 | L61: 32 | M61: mww | N61: 24 | O61: 23.3421 | P61: 121.636 | Q61: Hualien City, Taiwan | R61: Asia | S61: Taiwan | T61: =IF(C61="","",DATE(VALUE(MID(C61,7,4)),VALUE(MID(C61,4,2)),VALUE(MID(C61,1,2)))+TIME(VALUE(MID(C61,12,2)),VALUE(MID(C61,15,2)),0)) -> 44642.737 | U61: =IFERROR(IF(ISNUMBER(VALUE(TRIM(MID(A61,FIND("-",A61)+1,FIND("km",A61)-FIND("-",A61)-1)))),"Distance + direction + city","Named-region"),"Named-region") -> Distance + direction + city | V61: =LOWER(M61) -> mww | W61: =COUNTIFS($A$2:$A$1001,A61,$C$2:$C$1001,C61) -> 1 | X61: =IF(W61>1,"Duplicate","Unique") -> Unique | Y61: =IF(B61<6.5,"<6.5",IF(B61<7,"6.5–6.9",IF(B61<7.5,"7.0–7.4",IF(B61<8,"7.5–7.9","8.0+")))) -> 6.5–6.9 | Z61: =IF(T61="","",YEAR(T61)) -> 2022
A62: M 7.3 - 57 km ENE of Namie, Japan | B62: 7.3 | C62: 16/03/2022 14:36 | D62: 9 | E62: 8 | F62: red | G62: 1 | H62: 2397 | I62: us | J62: 0 | K62: 2.936 | L62: 29 | M62: mww | N62: 41 | O62: 37.7015 | P62: 141.587 | Q62: Namie, Japan | T62: =IF(C62="","",DATE(VALUE(MID(C62,7,4)),VALUE(MID(C62,4,2)),VALUE(MID(C62,1,2)))+TIME(VALUE(MID(C62,12,2)),VALUE(MID(C62,15,2)),0)) -> 44636.608 | U62: =IFERROR(IF(ISNUMBER(VALUE(TRIM(MID(A62,FIND("-",A62)+1,FIND("km",A62)-FIND("-",A62)-1)))),"Distance + direction + city","Named-region"),"Named-region") -> Distance + direction + city | V62: =LOWER(M62) -> mww | W62: =COUNTIFS($A$2:$A$1001,A62,$C$2:$C$1001,C62) -> 1 | X62: =IF(W62>1,"Duplicate","Unique") -> Unique | Y62: =IF(B62<6.5,"<6.5",IF(B62<7,"6.5–6.9",IF(B62<7.5,"7.0–7.4",IF(B62<8,"7.5–7.9","8.0+")))) -> 7.0–7.4 | Z62: =IF(T62="","",YEAR(T62)) -> 2022
A63: M 6.7 - 166 km W of Pariaman, Indonesia | B63: 6.7 | C63: 13/03/2022 21:09 | D63: 9 | E63: 6 | F63: green | G63: 0 | H63: 708 | I63: us | J63: 0 | K63: 2.188 | L63: 43 | M63: mww | N63: 28 | O63: -0.6831 | P63: 98.6034 | Q63: Pariaman, Indonesia | R63: Asia | S63: Indonesia | T63: =IF(C63="","",DATE(VALUE(MID(C63,7,4)),VALUE(MID(C63,4,2)),VALUE(MID(C63,1,2)))+TIME(VALUE(MID(C63,12,2)),VALUE(MID(C63,15,2)),0)) -> 44633.881 | U63: =IFERROR(IF(ISNUMBER(VALUE(TRIM(MID(A63,FIND("-",A63)+1,FIND("km",A63)-FIND("-",A63)-1)))),"Distance + direction + city","Named-region"),"Named-region") -> Distance + direction + city | V63: =LOWER(M63) -> mww | W63: =COUNTIFS($A$2:$A$1001,A63,$C$2:$C$1001,C63) -> 1 | X63: =IF(W63>1,"Duplicate","Unique") -> Unique | Y63: =IF(B63<6.5,"<6.5",IF(B63<7,"6.5–6.9",IF(B63<7.5,"7.0–7.4",IF(B63<8,"7.5–7.9","8.0+")))) -> 6.5–6.9 | Z63: =IF(T63="","",YEAR(T63)) -> 2022
A64: M 6.6 - Kermadec Islands, New Zealand | B64: 6.6 | C64: 02/03/2022 12:52 | D64: 2 | E64: 7 | F64: green | G64: 1 | H64: 670 | I64: us | J64: 0 | K64: 0.827 | L64: 46 | M64: mww | N64: 24 | O64: -30.0528 | P64: -177.74 | Q64: Kermadec Islands, New Zealand | T64: =IF(C64="","",DATE(VALUE(MID(C64,7,4)),VALUE(MID(C64,4,2)),VALUE(MID(C64,1,2)))+TIME(VALUE(MID(C64,12,2)),VALUE(MID(C64,15,2)),0)) -> 44622.536 | U64: =IFERROR(IF(ISNUMBER(VALUE(TRIM(MID(A64,FIND("-",A64)+1,FIND("km",A64)-FIND("-",A64)-1)))),"Distance + direction + city","Named-region"),"Named-region") -> Named-region | V64: =LOWER(M64) -> mww | W64: =COUNTIFS($A$2:$A$1001,A64,$C$2:$C$1001,C64) -> 1 | X64: =IF(W64>1,"Duplicate","Unique") -> Unique | Y64: =IF(B64<6.5,"<6.5",IF(B64<7,"6.5–6.9",IF(B64<7.5,"7.0–7.4",IF(B64<8,"7.5–7.9","8.0+")))) -> 6.5–6.9 | Z64: =IF(T64="","",YEAR(T64)) -> 2022
A65: M 6.8 - south of the Fiji Islands | B65: 6.8 | C65: 16/02/2022 20:21 | D65: 2 | E65: 3 | F65: green | G65: 1 | H65: 712 | I65: us | J65: 0 | K65: 5.78 | L65: 12 | M65: mww | N65: 535 | O65: -23.7852 | P65: -179.968 | Q65: the Fiji Islands | T65: =IF(C65="","",DATE(VALUE(MID(C65,7,4)),VALUE(MID(C65,4,2)),VALUE(MID(C65,1,2)))+TIME(VALUE(MID(C65,12,2)),VALUE(MID(C65,15,2)),0)) -> 44608.848 | U65: =IFERROR(IF(ISNUMBER(VALUE(TRIM(MID(A65,FIND("-",A65)+1,FIND("km",A65)-FIND("-",A65)-1)))),"Distance + direction + city","Named-region"),"Named-region") -> Named-region | V65: =LOWER(M65) -> mww | W65: =COUNTIFS($A$2:$A$1001,A65,$C$2:$C$1001,C65) -> 1 | X65: =IF(W65>1,"Duplicate","Unique") -> Unique | Y65: =IF(B65<6.5,"<6.5",IF(B65<7,"6.5–6.9",IF(B65<7.5,"7.0–7.4",IF(B65<8,"7.5–7.9","8.0+")))) -> 6.5–6.9 | Z65: =IF(T65="","",YEAR(T65)) -> 2022
A66: M 6.5 - 49 km NW of Barranca, Peru | B66: 6.5 | C66: 03/02/2022 15:58 | D66: 8 | E66: 6 | F66: green | G66: 0 | H66: 690 | I66: us | J66: 0 | K66: 3.026 | L66: 22 | M66: mww | N66: 110 | O66: -4.455 | P66: -76.9395 | Q66: Barranca, Peru | R66: South America | S66: Peru | T66: =IF(C66="","",DATE(VALUE(MID(C66,7,4)),VALUE(MID(C66,4,2)),VALUE(MID(C66,1,2)))+TIME(VALUE(MID(C66,12,2)),VALUE(MID(C66,15,2)),0)) -> 44595.665 | U66: =IFERROR(IF(ISNUMBER(VALUE(TRIM(MID(A66,FIND("-",A66)+1,FIND("km",A66)-FIND("-",A66)-1)))),"Distance + direction + city","Named-region"),"Named-region") -> Distance + direction + city | V66: =LOWER(M66) -> mww | W66: =COUNTIFS($A$2:$A$1001,A66,$C$2:$C$1001,C66) -> 1 | X66: =IF(W66>1,"Duplicate","Unique") -> Unique | Y66: =IF(B66<6.5,"<6.5",IF(B66<7,"6.5–6.9",IF(B66<7.5,"7.0–7.4",IF(B66<8,"7.5–7.9","8.0+")))) -> 6.5–6.9 | Z66: =IF(T66="","",YEAR(T66)) -> 2022
A67: M 6.5 - Kermadec Islands region | B67: 6.5 | C67: 29/01/2022 02:46 | D67: 7 | E67: 4 | F67: green | G67: 1 | H67: 651 | I67: us | J67: 0 | K67: 1.088 | L67: 57 | M67: mww | N67: 8 | O67: -29.535 | P67: -176.729 | Q67: Kermadec Islands region | T67: =IF(C67="","",DATE(VALUE(MID(C67,7,4)),VALUE(MID(C67,4,2)),VALUE(MID(C67,1,2)))+TIME(VALUE(MID(C67,12,2)),VALUE(MID(C67,15,2)),0)) -> 44590.115 | U67: =IFERROR(IF(ISNUMBER(VALUE(TRIM(MID(A67,FIND("-",A67)+1,FIND("km",A67)-FIND("-",A67)-1)))),"Distance + direction + city","Named-region"),"Named-region") -> Named-region | V67: =LOWER(M67) -> mww | W67: =COUNTIFS($A$2:$A$1001,A67,$C$2:$C$1001,C67) -> 1 | X67: =IF(W67>1,"Duplicate","Unique") -> Unique | Y67: =IF(B67<6.5,"<6.5",IF(B67<7,"6.5–6.9",IF(B67<7.5,"7.0–7.4",IF(B67<8,"7.5–7.9","8.0+")))) -> 6.5–6.9 | Z67: =IF(T67="","",YEAR(T67)) -> 2022
A68: M 6.6 - 80 km SW of Labuan, Indonesia | B68: 6.6 | C68: 14/01/2022 09:05 | D68: 8 | E68: 6 | F68: green | G68: 0 | H68: 785 | I68: us | J68: 0 | K68: 2.418 | L68: 22 | M68: mww | N68: 33 | O68: -6.9291 | P68: 105.251 | Q68: Labuan, Indonesia | S68: Indonesia | T68: =IF(C68="","",DATE(VALUE(MID(C68,7,4)),VALUE(MID(C68,4,2)),VALUE(MID(C68,1,2)))+TIME(VALUE(MID(C68,12,2)),VALUE(MID(C68,15,2)),0)) -> 44575.378 | U68: =IFERROR(IF(ISNUMBER(VALUE(TRIM(MID(A68,FIND("-",A68)+1,FIND("km",A68)-FIND("-",A68)-1)))),"Distance + direction + city","Named-region"),"Named-region") -> Distance + direction + city | V68: =LOWER(M68) -> mww | W68: =COUNTIFS($A$2:$A$1001,A68,$C$2:$C$1001,C68) -> 1 | X68: =IF(W68>1,"Duplicate","Unique") -> Unique | Y68: =IF(B68<6.5,"<6.5",IF(B68<7,"6.5–6.9",IF(B68<7.5,"7.0–7.4",IF(B68<8,"7.5–7.9","8.0+")))) -> 6.5–6.9 | Z68: =IF(T68="","",YEAR(T68)) -> 2022
A69: M 6.5 - 71 km SE of Nikolski, Alaska | B69: 6.5 | C69: 11/01/2022 12:39 | D69: 0 | E69: 3 | G69: 1 | H69: 650 | I69: at | J69: 97 | K69: 1.61607 | L69: 108 | M69: Mi | N69: 37 | O69: 52.502 | P69: -168.08 | Q69: Nikolski, Alaska | T69: =IF(C69="","",DATE(VALUE(MID(C69,7,4)),VALUE(MID(C69,4,2)),VALUE(MID(C69,1,2)))+TIME(VALUE(MID(C69,12,2)),VALUE(MID(C69,15,2)),0)) -> 44572.527 | U69: =IFERROR(IF(ISNUMBER(VALUE(TRIM(MID(A69,FIND("-",A69)+1,FIND("km",A69)-FIND("-",A69)-1)))),"Distance + direction + city","Named-region"),"Named-region") -> Distance + direction + city | V69: =LOWER(M69) -> mi | W69: =COUNTIFS($A$2:$A$1001,A69,$C$2:$C$1001,C69) -> 2 | X69: =IF(W69>1,"Duplicate","Unique") -> Duplicate | Y69: =IF(B69<6.5,"<6.5",IF(B69<7,"6.5–6.9",IF(B69<7.5,"7.0–7.4",IF(B69<8,"7.5–7.9","8.0+")))) -> 6.5–6.9 | Z69: =IF(T69="","",YEAR(T69)) -> 2022
A70: M 6.5 - 71 km SE of Nikolski, Alaska | B70: 6.5 | C70: 11/01/2022 12:39 | D70: 0 | E70: 3 | G70: 1 | H70: 650 | I70: pt | J70: 23 | K70: 0 | L70: 208.8 | M70: Mi | N70: 37 | O70: 52.502 | P70: -168.08 | Q70: Nikolski, Alaska | T70: =IF(C70="","",DATE(VALUE(MID(C70,7,4)),VALUE(MID(C70,4,2)),VALUE(MID(C70,1,2)))+TIME(VALUE(MID(C70,12,2)),VALUE(MID(C70,15,2)),0)) -> 44572.527 | U70: =IFERROR(IF(ISNUMBER(VALUE(TRIM(MID(A70,FIND("-",A70)+1,FIND("km",A70)-FIND("-",A70)-1)))),"Distance + direction + city","Named-region"),"Named-region") -> Distance + direction + city | V70: =LOWER(M70) -> mi | W70: =COUNTIFS($A$2:$A$1001,A70,$C$2:$C$1001,C70) -> 2 | X70: =IF(W70>1,"Duplicate","Unique") -> Duplicate | Y70: =IF(B70<6.5,"<6.5",IF(B70<7,"6.5–6.9",IF(B70<7.5,"7.0–7.4",IF(B70<8,"7.5–7.9","8.0+")))) -> 6.5–6.9 | Z70: =IF(T70="","",YEAR(T70)) -> 2022
A71: M 6.6 - 53 km SE of Nikolski, Alaska | B71: 6.6 | C71: 11/01/2022 12:39 | D71: 8 | E71: 5 | F71: green | G71: 1 | H71: 674 | I71: us | J71: 0 | K71: 0.507 | L71: 49 | M71: mww | N71: 19 | O71: 52.6252 | P71: -168.15 | Q71: Nikolski, Alaska | T71: =IF(C71="","",DATE(VALUE(MID(C71,7,4)),VALUE(MID(C71,4,2)),VALUE(MID(C71,1,2)))+TIME(VALUE(MID(C71,12,2)),VALUE(MID(C71,15,2)),0)) -> 44572.527 | U71: =IFERROR(IF(ISNUMBER(VALUE(TRIM(MID(A71,FIND("-",A71)+1,FIND("km",A71)-FIND("-",A71)-1)))),"Distance + direction + city","Named-region"),"Named-region") -> Distance + direction + city | V71: =LOWER(M71) -> mww | W71: =COUNTIFS($A$2:$A$1001,A71,$C$2:$C$1001,C71) -> 1 | X71: =IF(W71>1,"Duplicate","Unique") -> Unique | Y71: =IF(B71<6.5,"<6.5",IF(B71<7,"6.5–6.9",IF(B71<7.5,"7.0–7.4",IF(B71<8,"7.5–7.9","8.0+")))) -> 6.5–6.9 | Z71: =IF(T71="","",YEAR(T71)) -> 2022
A72: M 6.7 - 91 km SE of Nikolski, Alaska | B72: 6.7 | C72: 11/01/2022 11:35 | D72: 0 | E72: 4 | G72: 1 | H72: 691 | I72: at | J72: 50 | K72: 0.936943 | L72: 126 | M72: Mi | N72: 33 | O72: 52.48 | P72: -167.736 | Q72: Nikolski, Alaska | T72: =IF(C72="","",DATE(VALUE(MID(C72,7,4)),VALUE(MID(C72,4,2)),VALUE(MID(C72,1,2)))+TIME(VALUE(MID(C72,12,2)),VALUE(MID(C72,15,2)),0)) -> 44572.483 | U72: =IFERROR(IF(ISNUMBER(VALUE(TRIM(MID(A72,FIND("-",A72)+1,FIND("km",A72)-FIND("-",A72)-1)))),"Distance + direction + city","Named-region"),"Named-region") -> Distance + direction + city | V72: =LOWER(M72) -> mi | W72: =COUNTIFS($A$2:$A$1001,A72,$C$2:$C$1001,C72) -> 2 | X72: =IF(W72>1,"Duplicate","Unique") -> Duplicate | Y72: =IF(B72<6.5,"<6.5",IF(B72<7,"6.5–6.9",IF(B72<7.5,"7.0–7.4",IF(B72<8,"7.5–7.9","8.0+")))) -> 6.5–6.9 | Z72: =IF(T72="","",YEAR(T72)) -> 2022
A73: M 6.7 - 91 km SE of Nikolski, Alaska | B73: 6.7 | C73: 11/01/2022 11:35 | D73: 0 | E73: 4 | G73: 1 | H73: 691 | I73: pt | J73: 20 | K73: 0 | L73: 205.2 | M73: Mi | N73: 33 | O73: 52.48 | P73: -167.736 | Q73: Nikolski, Alaska | T73: =IF(C73="","",DATE(VALUE(MID(C73,7,4)),VALUE(MID(C73,4,2)),VALUE(MID(C73,1,2)))+TIME(VALUE(MID(C73,12,2)),VALUE(MID(C73,15,2)),0)) -> 44572.483 | U73: =IFERROR(IF(ISNUMBER(VALUE(TRIM(MID(A73,FIND("-",A73)+1,FIND("km",A73)-FIND("-",A73)-1)))),"Distance + direction + city","Named-region"),"Named-region") -> Distance + direction + city | V73: =LOWER(M73) -> mi | W73: =COUNTIFS($A$2:$A$1001,A73,$C$2:$C$1001,C73) -> 2 | X73: =IF(W73>1,"Duplicate","Unique") -> Duplicate | Y73: =IF(B73<6.5,"<6.5",IF(B73<7,"6.5–6.9",IF(B73<7.5,"7.0–7.4",IF(B73<8,"7.5–7.9","8.0+")))) -> 6.5–6.9 | Z73: =IF(T73="","",YEAR(T73)) -> 2022
A74: M 6.8 - 100 km SE of Nikolski, Alaska | B74: 6.8 | C74: 11/01/2022 11:35 | D74: 7 | E74: 6 | F74: green | G74: 1 | H74: 730 | I74: us | J74: 0 | K74: 0.92 | L74: 61 | M74: mww | N74: 20 | O74: 52.6563 | P74: -167.917 | Q74: Nikolski, Alaska | T74: =IF(C74="","",DATE(VALUE(MID(C74,7,4)),VALUE(MID(C74,4,2)),VALUE(MID(C74,1,2)))+TIME(VALUE(MID(C74,12,2)),VALUE(MID(C74,15,2)),0)) -> 44572.483 | U74: =IFERROR(IF(ISNUMBER(VALUE(TRIM(MID(A74,FIND("-",A74)+1,FIND("km",A74)-FIND("-",A74)-1)))),"Distance + direction + city","Named-region"),"Named-region") -> Distance + direction + city | V74: =LOWER(M74) -> mww | W74: =COUNTIFS($A$2:$A$1001,A74,$C$2:$C$1001,C74) -> 1 | X74: =IF(W74>1,"Duplicate","Unique") -> Unique | Y74: =IF(B74<6.5,"<6.5",IF(B74<7,"6.5–6.9",IF(B74<7.5,"7.0–7.4",IF(B74<8,"7.5–7.9","8.0+")))) -> 6.5–6.9 | Z74: =IF(T74="","",YEAR(T74)) -> 2022
A75: M 6.6 - 48 km WNW of Pólis, Cyprus | B75: 6.6 | C75: 11/01/2022 01:07 | D75: 6 | E75: 6 | F75: green | G75: 0 | H75: 976 | I75: us | J75: 0 | K75: 1.168 | L75: 21 | M75: mww | N75: 21 | O75: 35.1456 | P75: 31.9095 | Q75: Pólis, Cyprus | R75: Asia | T75: =IF(C75="","",DATE(VALUE(MID(C75,7,4)),VALUE(MID(C75,4,2)),VALUE(MID(C75,1,2)))+TIME(VALUE(MID(C75,12,2)),VALUE(MID(C75,15,2)),0)) -> 44572.047 | U75: =IFERROR(IF(ISNUMBER(VALUE(TRIM(MID(A75,FIND("-",A75)+1,FIND("km",A75)-FIND("-",A75)-1)))),"Distance + direction + city","Named-region"),"Named-region") -> Distance + direction + city | V75: =LOWER(M75) -> mww | W75: =COUNTIFS($A$2:$A$1001,A75,$C$2:$C$1001,C75) -> 1 | X75: =IF(W75>1,"Duplicate","Unique") -> Unique | Y75: =IF(B75<6.5,"<6.5",IF(B75<7,"6.5–6.9",IF(B75<7.5,"7.0–7.4",IF(B75<8,"7.5–7.9","8.0+")))) -> 6.5–6.9 | Z75: =IF(T75="","",YEAR(T75)) -> 2022
A76: M 6.6 - northern Qinghai, China | B76: 6.6 | C76: 07/01/2022 17:45 | D76: 9 | E76: 8 | F76: orange | G76: 0 | H76: 1012 | I76: us | J76: 0 | K76: 2.685 | L76: 13 | M76: mww | N76: 13 | O76: 37.8167 | P76: 101.299 | Q76: northern Qinghai, China | R76: Asia | S76: People's Republic of China | T76: =IF(C76="","",DATE(VALUE(MID(C76,7,4)),VALUE(MID(C76,4,2)),VALUE(MID(C76,1,2)))+TIME(VALUE(MID(C76,12,2)),VALUE(MID(C76,15,2)),0)) -> 44568.74 | U76: =IFERROR(IF(ISNUMBER(VALUE(TRIM(MID(A76,FIND("-",A76)+1,FIND("km",A76)-FIND("-",A76)-1)))),"Distance + direction + city","Named-region"),"Named-region") -> Named-region | V76: =LOWER(M76) -> mww | W76: =COUNTIFS($A$2:$A$1001,A76,$C$2:$C$1001,C76) -> 1 | X76: =IF(W76>1,"Duplicate","Unique") -> Unique | Y76: =IF(B76<6.5,"<6.5",IF(B76<7,"6.5–6.9",IF(B76<7.5,"7.0–7.4",IF(B76<8,"7.5–7.9","8.0+")))) -> 6.5–6.9 | Z76: =IF(T76="","",YEAR(T76)) -> 2022
A77: M 7.3 - 125 km NNE of Lospalos, Timor Leste | B77: 7.3 | C77: 29/12/2021 18:25 | D77: 8 | E77: 7 | F77: green | G77: 0 | H77: 921 | I77: us | J77: 0 | K77: 3.713 | L77: 19 | M77: mww | N77: 165.49 | O77: -7.5924 | P77: 127.581 | Q77: Lospalos, Timor Leste | S77: Indonesia | T77: =IF(C77="","",DATE(VALUE(MID(C77,7,4)),VALUE(MID(C77,4,2)),VALUE(MID(C77,1,2)))+TIME(VALUE(MID(C77,12,2)),VALUE(MID(C77,15,2)),0)) -> 44559.767 | U77: =IFERROR(IF(ISNUMBER(VALUE(TRIM(MID(A77,FIND("-",A77)+1,FIND("km",A77)-FIND("-",A77)-1)))),"Distance + direction + city","Named-region"),"Named-region") -> Distance + direction + city | V77: =LOWER(M77) -> mww | W77: =COUNTIFS($A$2:$A$1001,A77,$C$2:$C$1001,C77) -> 1 | X77: =IF(W77>1,"Duplicate","Unique") -> Unique | Y77: =IF(B77<6.5,"<6.5",IF(B77<7,"6.5–6.9",IF(B77<7.5,"7.0–7.4",IF(B77<8,"7.5–7.9","8.0+")))) -> 7.0–7.4 | Z77: =IF(T77="","",YEAR(T77)) -> 2021
A78: M 7.3 - Flores Sea | B78: 7.3 | C78: 14/12/2021 03:20 | D78: 9 | E78: 5 | F78: green | G78: 1 | H78: 854 | I78: us | J78: 0 | K78: 1.025 | L78: 32 | M78: mww | N78: 14.27 | O78: -7.6033 | P78: 122.2 | Q78: Flores Sea | R78: Asia | S78: Indonesia | T78: =IF(C78="","",DATE(VALUE(MID(C78,7,4)),VALUE(MID(C78,4,2)),VALUE(MID(C78,1,2)))+TIME(VALUE(MID(C78,12,2)),VALUE(MID(C78,15,2)),0)) -> 44544.139 | U78: =IFERROR(IF(ISNUMBER(VALUE(TRIM(MID(A78,FIND("-",A78)+1,FIND("km",A78)-FIND("-",A78)-1)))),"Distance + direction + city","Named-region"),"Named-region") -> Named-region | V78: =LOWER(M78) -> mww | W78: =COUNTIFS($A$2:$A$1001,A78,$C$2:$C$1001,C78) -> 1 | X78: =IF(W78>1,"Duplicate","Unique") -> Unique | Y78: =IF(B78<6.5,"<6.5",IF(B78<7,"6.5–6.9",IF(B78<7.5,"7.0–7.4",IF(B78<8,"7.5–7.9","8.0+")))) -> 7.0–7.4 | Z78: =IF(T78="","",YEAR(T78)) -> 2021
A79: M 7.5 - 43 km NNW of Barranca, Peru | B79: 7.5 | C79: 28/11/2021 10:52 | D79: 8 | E79: 8 | F79: yellow | G79: 1 | H79: 1094 | I79: us | J79: 0 | K79: 4.951 | L79: 40 | M79: mww | N79: 126 | O79: -4.4898 | P79: -76.8461 | Q79: Barranca, Peru | R79: South America | S79: Peru | T79: =IF(C79="","",DATE(VALUE(MID(C79,7,4)),VALUE(MID(C79,4,2)),VALUE(MID(C79,1,2)))+TIME(VALUE(MID(C79,12,2)),VALUE(MID(C79,15,2)),0)) -> 44528.453 | U79: =IFERROR(IF(ISNUMBER(VALUE(TRIM(MID(A79,FIND("-",A79)+1,FIND("km",A79)-FIND("-",A79)-1)))),"Distance + direction + city","Named-region"),"Named-region") -> Distance + direction + city | V79: =LOWER(M79) -> mww | W79: =COUNTIFS($A$2:$A$1001,A79,$C$2:$C$1001,C79) -> 1 | X79: =IF(W79>1,"Duplicate","Unique") -> Unique | Y79: =IF(B79<6.5,"<6.5",IF(B79<7,"6.5–6.9",IF(B79<7.5,"7.0–7.4",IF(B79<8,"7.5–7.9","8.0+")))) -> 7.5–7.9 | Z79: =IF(T79="","",YEAR(T79)) -> 2021
A80: M 6.6 - 177 km SE of Hirara, Japan | B80: 6.6 | C80: 10/11/2021 15:45 | D80: 7 | E80: 4 | F80: green | G80: 1 | H80: 688 | I80: us | J80: 0 | K80: 3.259 | L80: 15 | M80: mww | N80: 12 | O80: 23.5414 | P80: 126.48 | Q80: Hirara, Japan | T80: =IF(C80="","",DATE(VALUE(MID(C80,7,4)),VALUE(MID(C80,4,2)),VALUE(MID(C80,1,2)))+TIME(VALUE(MID(C80,12,2)),VALUE(MID(C80,15,2)),0)) -> 44510.656 | U80: =IFERROR(IF(ISNUMBER(VALUE(TRIM(MID(A80,FIND("-",A80)+1,FIND("km",A80)-FIND("-",A80)-1)))),"Distance + direction + city","Named-region"),"Named-region") -> Distance + direction + city | V80: =LOWER(M80) -> mww | W80: =COUNTIFS($A$2:$A$1001,A80,$C$2:$C$1001,C80) -> 1 | X80: =IF(W80>1,"Duplicate","Unique") -> Unique | Y80: =IF(B80<6.5,"<6.5",IF(B80<7,"6.5–6.9",IF(B80<7.5,"7.0–7.4",IF(B80<8,"7.5–7.9","8.0+")))) -> 6.5–6.9 | Z80: =IF(T80="","",YEAR(T80)) -> 2021
A81: M 6.9 - 112 km E of Chignik, Alaska | B81: 6.9 | C81: 11/10/2021 09:10 | D81: 8 | E81: 6 | F81: green | G81: 1 | H81: 995 | I81: ak | J81: 0 | K81: 0 | L81: 0 | M81: mww | N81: 51.6 | O81: 56.2581 | P81: -156.492 | Q81: Chignik, Alaska | R81: North America | S81: United States of America | T81: =IF(C81="","",DATE(VALUE(MID(C81,7,4)),VALUE(MID(C81,4,2)),VALUE(MID(C81,1,2)))+TIME(VALUE(MID(C81,12,2)),VALUE(MID(C81,15,2)),0)) -> 44480.382 | U81: =IFERROR(IF(ISNUMBER(VALUE(TRIM(MID(A81,FIND("-",A81)+1,FIND("km",A81)-FIND("-",A81)-1)))),"Distance + direction + city","Named-region"),"Named-region") -> Distance + direction + city | V81: =LOWER(M81) -> mww | W81: =COUNTIFS($A$2:$A$1001,A81,$C$2:$C$1001,C81) -> 1 | X81: =IF(W81>1,"Duplicate","Unique") -> Unique | Y81: =IF(B81<6.5,"<6.5",IF(B81<7,"6.5–6.9",IF(B81<7.5,"7.0–7.4",IF(B81<8,"7.5–7.9","8.0+")))) -> 6.5–6.9 | Z81: =IF(T81="","",YEAR(T81)) -> 2021
A82: M 6.9 - Vanuatu region | B82: 6.9 | C82: 09/10/2021 10:58 | D82: 4 | E82: 3 | F82: green | G82: 1 | H82: 740 | I82: us | J82: 0 | K82: 4.778 | L82: 31 | M82: mww | N82: 535 | O82: -21.1704 | P82: 174.54 | Q82: Vanuatu region | T82: =IF(C82="","",DATE(VALUE(MID(C82,7,4)),VALUE(MID(C82,4,2)),VALUE(MID(C82,1,2)))+TIME(VALUE(MID(C82,12,2)),VALUE(MID(C82,15,2)),0)) -> 44478.457 | U82: =IFERROR(IF(ISNUMBER(VALUE(TRIM(MID(A82,FIND("-",A82)+1,FIND("km",A82)-FIND("-",A82)-1)))),"Distance + direction + city","Named-region"),"Named-region") -> Named-region | V82: =LOWER(M82) -> mww | W82: =COUNTIFS($A$2:$A$1001,A82,$C$2:$C$1001,C82) -> 1 | X82: =IF(W82>1,"Duplicate","Unique") -> Unique | Y82: =IF(B82<6.5,"<6.5",IF(B82<7,"6.5–6.9",IF(B82<7.5,"7.0–7.4",IF(B82<8,"7.5–7.9","8.0+")))) -> 6.5–6.9 | Z82: =IF(T82="","",YEAR(T82)) -> 2021
A83: M 7.3 - Vanuatu region | B83: 7.3 | C83: 02/10/2021 06:29 | D83: 4 | E83: 4 | F83: green | G83: 1 | H83: 826 | I83: us | J83: 0 | K83: 4.493 | L83: 32 | M83: mww | N83: 527 | O83: -21.1036 | P83: 174.895 | Q83: Vanuatu region | T83: =IF(C83="","",DATE(VALUE(MID(C83,7,4)),VALUE(MID(C83,4,2)),VALUE(MID(C83,1,2)))+TIME(VALUE(MID(C83,12,2)),VALUE(MID(C83,15,2)),0)) -> 44471.27 | U83: =IFERROR(IF(ISNUMBER(VALUE(TRIM(MID(A83,FIND("-",A83)+1,FIND("km",A83)-FIND("-",A83)-1)))),"Distance + direction + city","Named-region"),"Named-region") -> Named-region | V83: =LOWER(M83) -> mww | W83: =COUNTIFS($A$2:$A$1001,A83,$C$2:$C$1001,C83) -> 1 | X83: =IF(W83>1,"Duplicate","Unique") -> Unique | Y83: =IF(B83<6.5,"<6.5",IF(B83<7,"6.5–6.9",IF(B83<7.5,"7.0–7.4",IF(B83<8,"7.5–7.9","8.0+")))) -> 7.0–7.4 | Z83: =IF(T83="","",YEAR(T83)) -> 2021
A84: M 6.5 - 80 km SW of Jiquilillo, Nicaragua | B84: 6.5 | C84: 22/09/2021 09:57 | D84: 7 | E84: 5 | F84: green | G84: 1 | H84: 684 | I84: us | J84: 0 | K84: 0.993 | L84: 114 | M84: mww | N84: 21 | O84: 12.1598 | P84: -87.8542 | Q84: Jiquilillo, Nicaragua | T84: =IF(C84="","",DATE(VALUE(MID(C84,7,4)),VALUE(MID(C84,4,2)),VALUE(MID(C84,1,2)))+TIME(VALUE(MID(C84,12,2)),VALUE(MID(C84,15,2)),0)) -> 44461.415 | U84: =IFERROR(IF(ISNUMBER(VALUE(TRIM(MID(A84,FIND("-",A84)+1,FIND("km",A84)-FIND("-",A84)-1)))),"Distance + direction + city","Named-region"),"Named-region") -> Distance + direction + city | V84: =LOWER(M84) -> mww | W84: =COUNTIFS($A$2:$A$1001,A84,$C$2:$C$1001,C84) -> 1 | X84: =IF(W84>1,"Duplicate","Unique") -> Unique | Y84: =IF(B84<6.5,"<6.5",IF(B84<7,"6.5–6.9",IF(B84<7.5,"7.0–7.4",IF(B84<8,"7.5–7.9","8.0+")))) -> 6.5–6.9 | Z84: =IF(T84="","",YEAR(T84)) -> 2021
A85: M 7.0 - Acapulco, Mexico | B85: 7 | C85: 08/09/2021 01:47 | D85: 8 | E85: 8 | F85: red | G85: 1 | H85: 2504 | I85: us | J85: 0 | K85: 0.07 | L85: 43 | M85: mww | N85: 20 | O85: 16.9502 | P85: -99.7877 | Q85: Acapulco, Mexico | R85: North America | S85: Mexico | T85: =IF(C85="","",DATE(VALUE(MID(C85,7,4)),VALUE(MID(C85,4,2)),VALUE(MID(C85,1,2)))+TIME(VALUE(MID(C85,12,2)),VALUE(MID(C85,15,2)),0)) -> 44447.074 | U85: =IFERROR(IF(ISNUMBER(VALUE(TRIM(MID(A85,FIND("-",A85)+1,FIND("km",A85)-FIND("-",A85)-1)))),"Distance + direction + city","Named-region"),"Named-region") -> Named-region | V85: =LOWER(M85) -> mww | W85: =COUNTIFS($A$2:$A$1001,A85,$C$2:$C$1001,C85) -> 1 | X85: =IF(W85>1,"Duplicate","Unique") -> Unique | Y85: =IF(B85<6.5,"<6.5",IF(B85<7,"6.5–6.9",IF(B85<7.5,"7.0–7.4",IF(B85<8,"7.5–7.9","8.0+")))) -> 7.0–7.4 | Z85: =IF(T85="","",YEAR(T85)) -> 2021
A86: M 7.1 - South Sandwich Islands region | B86: 7.1 | C86: 22/08/2021 21:33 | D86: 1 | E86: 4 | F86: green | G86: 1 | H86: 776 | I86: us | J86: 0 | K86: 9.799 | L86: 32 | M86: mww | N86: 6 | O86: -60.3026 | P86: -24.9992 | Q86: South Sandwich Islands region | S86: Antarctica | T86: =IF(C86="","",DATE(VALUE(MID(C86,7,4)),VALUE(MID(C86,4,2)),VALUE(MID(C86,1,2)))+TIME(VALUE(MID(C86,12,2)),VALUE(MID(C86,15,2)),0)) -> 44430.898 | U86: =IFERROR(IF(ISNUMBER(VALUE(TRIM(MID(A86,FIND("-",A86)+1,FIND("km",A86)-FIND("-",A86)-1)))),"Distance + direction + city","Named-region"),"Named-region") -> Named-region | V86: =LOWER(M86) -> mww | W86: =COUNTIFS($A$2:$A$1001,A86,$C$2:$C$1001,C86) -> 1 | X86: =IF(W86>1,"Duplicate","Unique") -> Unique | Y86: =IF(B86<6.5,"<6.5",IF(B86<7,"6.5–6.9",IF(B86<7.5,"7.0–7.4",IF(B86<8,"7.5–7.9","8.0+")))) -> 7.0–7.4 | Z86: =IF(T86="","",YEAR(T86)) -> 2021
A87: M 6.6 - South Sandwich Islands region | B87: 6.6 | C87: 22/08/2021 00:45 | D87: 1 | E87: 3 | F87: green | G87: 1 | H87: 670 | I87: us | J87: 0 | K87: 8.865 | L87: 19 | M87: mww | N87: 7 | O87: -60.1023 | P87: -24.4608 | Q87: South Sandwich Islands region | S87: Antarctica | T87: =IF(C87="","",DATE(VALUE(MID(C87,7,4)),VALUE(MID(C87,4,2)),VALUE(MID(C87,1,2)))+TIME(VALUE(MID(C87,12,2)),VALUE(MID(C87,15,2)),0)) -> 44430.031 | U87: =IFERROR(IF(ISNUMBER(VALUE(TRIM(MID(A87,FIND("-",A87)+1,FIND("km",A87)-FIND("-",A87)-1)))),"Distance + direction + city","Named-region"),"Named-region") -> Named-region | V87: =LOWER(M87) -> mww | W87: =COUNTIFS($A$2:$A$1001,A87,$C$2:$C$1001,C87) -> 1 | X87: =IF(W87>1,"Duplicate","Unique") -> Unique | Y87: =IF(B87<6.5,"<6.5",IF(B87<7,"6.5–6.9",IF(B87<7.5,"7.0–7.4",IF(B87<8,"7.5–7.9","8.0+")))) -> 6.5–6.9 | Z87: =IF(T87="","",YEAR(T87)) -> 2021
A88: M 6.9 - 17 km N of Port-Olry, Vanuatu | B88: 6.9 | C88: 18/08/2021 10:10 | D88: 8 | E88: 7 | F88: green | G88: 1 | H88: 741 | I88: us | J88: 0 | K88: 0.579 | L88: 54 | M88: mww | N88: 93 | O88: -14.892 | P88: 167.085 | Q88: Port-Olry, Vanuatu | R88: Oceania | S88: Vanuatu | T88: =IF(C88="","",DATE(VALUE(MID(C88,7,4)),VALUE(MID(C88,4,2)),VALUE(MID(C88,1,2)))+TIME(VALUE(MID(C88,12,2)),VALUE(MID(C88,15,2)),0)) -> 44426.424 | U88: =IFERROR(IF(ISNUMBER(VALUE(TRIM(MID(A88,FIND("-",A88)+1,FIND("km",A88)-FIND("-",A88)-1)))),"Distance + direction + city","Named-region"),"Named-region") -> Distance + direction + city | V88: =LOWER(M88) -> mww | W88: =COUNTIFS($A$2:$A$1001,A88,$C$2:$C$1001,C88) -> 1 | X88: =IF(W88>1,"Duplicate","Unique") -> Unique | Y88: =IF(B88<6.5,"<6.5",IF(B88<7,"6.5–6.9",IF(B88<7.5,"7.0–7.4",IF(B88<8,"7.5–7.9","8.0+")))) -> 6.5–6.9 | Z88: =IF(T88="","",YEAR(T88)) -> 2021
A89: M 6.9 - South Sandwich Islands region | B89: 6.9 | C89: 16/08/2021 11:10 | D89: 6 | E89: 4 | F89: green | G89: 1 | H89: 734 | I89: us | J89: 0 | K89: 8.363 | L89: 48 | M89: mww | N89: 16.7 | O89: -58.3814 | P89: -23.3318 | Q89: South Sandwich Islands region | T89: =IF(C89="","",DATE(VALUE(MID(C89,7,4)),VALUE(MID(C89,4,2)),VALUE(MID(C89,1,2)))+TIME(VALUE(MID(C89,12,2)),VALUE(MID(C89,15,2)),0)) -> 44424.465 | U89: =IFERROR(IF(ISNUMBER(VALUE(TRIM(MID(A89,FIND("-",A89)+1,FIND("km",A89)-FIND("-",A89)-1)))),"Distance + direction + city","Named-region"),"Named-region") -> Named-region | V89: =LOWER(M89) -> mww | W89: =COUNTIFS($A$2:$A$1001,A89,$C$2:$C$1001,C89) -> 1 | X89: =IF(W89>1,"Duplicate","Unique") -> Unique | Y89: =IF(B89<6.5,"<6.5",IF(B89<7,"6.5–6.9",IF(B89<7.5,"7.0–7.4",IF(B89<8,"7.5–7.9","8.0+")))) -> 6.5–6.9 | Z89: =IF(T89="","",YEAR(T89)) -> 2021
A90: M 7.2 - Nippes, Haiti | B90: 7.2 | C90: 14/08/2021 12:29 | D90: 9 | E90: 8 | F90: red | G90: 1 | H90: 2331 | I90: us | J90: 0 | K90: 1.178 | L90: 23 | M90: mww | N90: 10 | O90: 18.3521 | P90: -73.4804 | Q90: Nippes, Haiti | R90: North America | S90: Haiti | T90: =IF(C90="","",DATE(VALUE(MID(C90,7,4)),VALUE(MID(C90,4,2)),VALUE(MID(C90,1,2)))+TIME(VALUE(MID(C90,12,2)),VALUE(MID(C90,15,2)),0)) -> 44422.52 | U90: =IFERROR(IF(ISNUMBER(VALUE(TRIM(MID(A90,FIND("-",A90)+1,FIND("km",A90)-FIND("-",A90)-1)))),"Distance + direction + city","Named-region"),"Named-region") -> Named-region | V90: =LOWER(M90) -> mww | W90: =COUNTIFS($A$2:$A$1001,A90,$C$2:$C$1001,C90) -> 1 | X90: =IF(W90>1,"Duplicate","Unique") -> Unique | Y90: =IF(B90<6.5,"<6.5",IF(B90<7,"6.5–6.9",IF(B90<7.5,"7.0–7.4",IF(B90<8,"7.5–7.9","8.0+")))) -> 7.0–7.4 | Z90: =IF(T90="","",YEAR(T90)) -> 2021
A91: M 6.9 - 136 km SE of Perryville, Alaska | B91: 6.9 | C91: 14/08/2021 11:57 | D91: 5 | E91: 4 | F91: green | G91: 1 | H91: 738 | I91: ak | J91: 0 | K91: 0 | L91: 0 | M91: mww | N91: 33.3 | O91: 55.2364 | P91: -157.707 | Q91: Perryville, Alaska | T91: =IF(C91="","",DATE(VALUE(MID(C91,7,4)),VALUE(MID(C91,4,2)),VALUE(MID(C91,1,2)))+TIME(VALUE(MID(C91,12,2)),VALUE(MID(C91,15,2)),0)) -> 44422.498 | U91: =IFERROR(IF(ISNUMBER(VALUE(TRIM(MID(A91,FIND("-",A91)+1,FIND("km",A91)-FIND("-",A91)-1)))),"Distance + direction + city","Named-region"),"Named-region") -> Distance + direction + city | V91: =LOWER(M91) -> mww | W91: =COUNTIFS($A$2:$A$1001,A91,$C$2:$C$1001,C91) -> 1 | X91: =IF(W91>1,"Duplicate","Unique") -> Unique | Y91: =IF(B91<6.5,"<6.5",IF(B91<7,"6.5–6.9",IF(B91<7.5,"7.0–7.4",IF(B91<8,"7.5–7.9","8.0+")))) -> 6.5–6.9 | Z91: =IF(T91="","",YEAR(T91)) -> 2021
A92: M 6.9 - 125 km SE of Perryville, Alaska | B92: 6.9 | C92: 14/08/2021 11:57 | D92: 5 | E92: 4 | F92: green | G92: 1 | H92: 738 | I92: us | J92: 0 | K92: 1.173 | L92: 36 | M92: mww | N92: 20.74 | O92: 55.2657 | P92: -157.68 | Q92: Perryville, Alaska | T92: =IF(C92="","",DATE(VALUE(MID(C92,7,4)),VALUE(MID(C92,4,2)),VALUE(MID(C92,1,2)))+TIME(VALUE(MID(C92,12,2)),VALUE(MID(C92,15,2)),0)) -> 44422.498 | U92: =IFERROR(IF(ISNUMBER(VALUE(TRIM(MID(A92,FIND("-",A92)+1,FIND("km",A92)-FIND("-",A92)-1)))),"Distance + direction + city","Named-region"),"Named-region") -> Distance + direction + city | V92: =LOWER(M92) -> mww | W92: =COUNTIFS($A$2:$A$1001,A92,$C$2:$C$1001,C92) -> 1 | X92: =IF(W92>1,"Duplicate","Unique") -> Unique | Y92: =IF(B92<6.5,"<6.5",IF(B92<7,"6.5–6.9",IF(B92<7.5,"7.0–7.4",IF(B92<8,"7.5–7.9","8.0+")))) -> 6.5–6.9 | Z92: =IF(T92="","",YEAR(T92)) -> 2021
A93: M 8.1 - South Sandwich Islands region | B93: 8.1 | C93: 12/08/2021 18:35 | D93: 0 | E93: 7 | F93: green | G93: 0 | H93: 1009 | I93: us | J93: 0 | K93: 7.463 | L93: 78 | M93: mww | N93: 22.79 | O93: -58.4157 | P93: -25.3206 | Q93: South Sandwich Islands region | T93: =IF(C93="","",DATE(VALUE(MID(C93,7,4)),VALUE(MID(C93,4,2)),VALUE(MID(C93,1,2)))+TIME(VALUE(MID(C93,12,2)),VALUE(MID(C93,15,2)),0)) -> 44420.774 | U93: =IFERROR(IF(ISNUMBER(VALUE(TRIM(MID(A93,FIND("-",A93)+1,FIND("km",A93)-FIND("-",A93)-1)))),"Distance + direction + city","Named-region"),"Named-region") -> Named-region | V93: =LOWER(M93) -> mww | W93: =COUNTIFS($A$2:$A$1001,A93,$C$2:$C$1001,C93) -> 1 | X93: =IF(W93>1,"Duplicate","Unique") -> Unique | Y93: =IF(B93<6.5,"<6.5",IF(B93<7,"6.5–6.9",IF(B93<7.5,"7.0–7.4",IF(B93<8,"7.5–7.9","8.0+")))) -> 8.0+ | Z93: =IF(T93="","",YEAR(T93)) -> 2021
A94: M 7.5 - South Sandwich Islands region | B94: 7.5 | C94: 12/08/2021 18:32 | D94: 9 | E94: 6 | F94: green | G94: 1 | H94: 868 | I94: us | J94: 0 | K94: 7.227 | L94: 38 | M94: mww | N94: 47.23 | O94: -57.5959 | P94: -25.1874 | Q94: South Sandwich Islands region | T94: =IF(C94="","",DATE(VALUE(MID(C94,7,4)),VALUE(MID(C94,4,2)),VALUE(MID(C94,1,2)))+TIME(VALUE(MID(C94,12,2)),VALUE(MID(C94,15,2)),0)) -> 44420.772 | U94: =IFERROR(IF(ISNUMBER(VALUE(TRIM(MID(A94,FIND("-",A94)+1,FIND("km",A94)-FIND("-",A94)-1)))),"Distance + direction + city","Named-region"),"Named-region") -> Named-region | V94: =LOWER(M94) -> mww | W94: =COUNTIFS($A$2:$A$1001,A94,$C$2:$C$1001,C94) -> 1 | X94: =IF(W94>1,"Duplicate","Unique") -> Unique | Y94: =IF(B94<6.5,"<6.5",IF(B94<7,"6.5–6.9",IF(B94<7.5,"7.0–7.4",IF(B94<8,"7.5–7.9","8.0+")))) -> 7.5–7.9 | Z94: =IF(T94="","",YEAR(T94)) -> 2021
A95: M 7.1 - 60 km ENE of Pondaguitan, Philippines | B95: 7.1 | C95: 11/08/2021 17:46 | D95: 9 | E95: 7 | F95: green | G95: 1 | H95: 846 | I95: us | J95: 0 | K95: 1.273 | L95: 25 | M95: mww | N95: 55.14 | O95: 6.4547 | P95: 126.742 | Q95: Pondaguitan, Philippines | T95: =IF(C95="","",DATE(VALUE(MID(C95,7,4)),VALUE(MID(C95,4,2)),VALUE(MID(C95,1,2)))+TIME(VALUE(MID(C95,12,2)),VALUE(MID(C95,15,2)),0)) -> 44419.74 | U95: =IFERROR(IF(ISNUMBER(VALUE(TRIM(MID(A95,FIND("-",A95)+1,FIND("km",A95)-FIND("-",A95)-1)))),"Distance + direction + city","Named-region"),"Named-region") -> Distance + direction + city | V95: =LOWER(M95) -> mww | W95: =COUNTIFS($A$2:$A$1001,A95,$C$2:$C$1001,C95) -> 1 | X95: =IF(W95>1,"Duplicate","Unique") -> Unique | Y95: =IF(B95<6.5,"<6.5",IF(B95<7,"6.5–6.9",IF(B95<7.5,"7.0–7.4",IF(B95<8,"7.5–7.9","8.0+")))) -> 7.0–7.4 | Z95: =IF(T95="","",YEAR(T95)) -> 2021
A96: M 8.2 - 91 km ESE of Perryville, Alaska | B96: 8.2 | C96: 29/07/2021 06:15 | D96: 8 | E96: 6 | F96: green | G96: 1 | H96: 1237 | I96: us | J96: 0 | K96: 0.875 | L96: 66 | M96: mww | N96: 46.66 | O96: 55.4742 | P96: -157.917 | Q96: Perryville, Alaska | T96: =IF(C96="","",DATE(VALUE(MID(C96,7,4)),VALUE(MID(C96,4,2)),VALUE(MID(C96,1,2)))+TIME(VALUE(MID(C96,12,2)),VALUE(MID(C96,15,2)),0)) -> 44406.26 | U96: =IFERROR(IF(ISNUMBER(VALUE(TRIM(MID(A96,FIND("-",A96)+1,FIND("km",A96)-FIND("-",A96)-1)))),"Distance + direction + city","Named-region"),"Named-region") -> Distance + direction + city | V96: =LOWER(M96) -> mww | W96: =COUNTIFS($A$2:$A$1001,A96,$C$2:$C$1001,C96) -> 1 | X96: =IF(W96>1,"Duplicate","Unique") -> Unique | Y96: =IF(B96<6.5,"<6.5",IF(B96<7,"6.5–6.9",IF(B96<7.5,"7.0–7.4",IF(B96<8,"7.5–7.9","8.0+")))) -> 8.0+ | Z96: =IF(T96="","",YEAR(T96)) -> 2021
A97: M 8.2 - 99 km SE of Perryville, Alaska | B97: 8.2 | C97: 29/07/2021 06:15 | D97: 8 | E97: 7 | F97: yellow | G97: 1 | H97: 1252 | I97: ak | J97: 0 | K97: 0 | L97: 0 | M97: mww | N97: 35 | O97: 55.3154 | P97: -157.829 | Q97: Perryville, Alaska | T97: =IF(C97="","",DATE(VALUE(MID(C97,7,4)),VALUE(MID(C97,4,2)),VALUE(MID(C97,1,2)))+TIME(VALUE(MID(C97,12,2)),VALUE(MID(C97,15,2)),0)) -> 44406.26 | U97: =IFERROR(IF(ISNUMBER(VALUE(TRIM(MID(A97,FIND("-",A97)+1,FIND("km",A97)-FIND("-",A97)-1)))),"Distance + direction + city","Named-region"),"Named-region") -> Distance + direction + city | V97: =LOWER(M97) -> mww | W97: =COUNTIFS($A$2:$A$1001,A97,$C$2:$C$1001,C97) -> 1 | X97: =IF(W97>1,"Duplicate","Unique") -> Unique | Y97: =IF(B97<6.5,"<6.5",IF(B97<7,"6.5–6.9",IF(B97<7.5,"7.0–7.4",IF(B97<8,"7.5–7.9","8.0+")))) -> 8.0+ | Z97: =IF(T97="","",YEAR(T97)) -> 2021
A98: M 6.7 - 15 km S of Hukay, Philippines | B98: 6.7 | C98: 23/07/2021 20:48 | D98: 8 | E98: 5 | F98: green | G98: 1 | H98: 935 | I98: us | J98: 0 | K98: 8.139 | L98: 12 | M98: mww | N98: 110 | O98: 13.6989 | P98: 120.713 | Q98: Hukay, Philippines | R98: Asia | S98: Philippines | T98: =IF(C98="","",DATE(VALUE(MID(C98,7,4)),VALUE(MID(C98,4,2)),VALUE(MID(C98,1,2)))+TIME(VALUE(MID(C98,12,2)),VALUE(MID(C98,15,2)),0)) -> 44400.867 | U98: =IFERROR(IF(ISNUMBER(VALUE(TRIM(MID(A98,FIND("-",A98)+1,FIND("km",A98)-FIND("-",A98)-1)))),"Distance + direction + city","Named-region"),"Named-region") -> Distance + direction + city | V98: =LOWER(M98) -> mww | W98: =COUNTIFS($A$2:$A$1001,A98,$C$2:$C$1001,C98) -> 1 | X98: =IF(W98>1,"Duplicate","Unique") -> Unique | Y98: =IF(B98<6.5,"<6.5",IF(B98<7,"6.5–6.9",IF(B98<7.5,"7.0–7.4",IF(B98<8,"7.5–7.9","8.0+")))) -> 6.5–6.9 | Z98: =IF(T98="","",YEAR(T98)) -> 2021
A99: M 6.7 - 71 km S of Burica, Panama | B99: 6.7 | C99: 21/07/2021 21:15 | D99: 6 | E99: 6 | F99: green | G99: 1 | H99: 830 | I99: us | J99: 0 | K99: 1.395 | L99: 61 | M99: mww | N99: 10 | O99: 7.5904 | P99: -82.8813 | Q99: Burica, Panama | T99: =IF(C99="","",DATE(VALUE(MID(C99,7,4)),VALUE(MID(C99,4,2)),VALUE(MID(C99,1,2)))+TIME(VALUE(MID(C99,12,2)),VALUE(MID(C99,15,2)),0)) -> 44398.885 | U99: =IFERROR(IF(ISNUMBER(VALUE(TRIM(MID(A99,FIND("-",A99)+1,FIND("km",A99)-FIND("-",A99)-1)))),"Distance + direction + city","Named-region"),"Named-region") -> Distance + direction + city | V99: =LOWER(M99) -> mww | W99: =COUNTIFS($A$2:$A$1001,A99,$C$2:$C$1001,C99) -> 1 | X99: =IF(W99>1,"Duplicate","Unique") -> Unique | Y99: =IF(B99<6.5,"<6.5",IF(B99<7,"6.5–6.9",IF(B99<7.5,"7.0–7.4",IF(B99<8,"7.5–7.9","8.0+")))) -> 6.5–6.9 | Z99: =IF(T99="","",YEAR(T99)) -> 2021
A100: M 6.5 - Kermadec Islands, New Zealand | B100: 6.5 | C100: 20/06/2021 17:05 | D100: 0 | E100: 4 | F100: green | G100: 1 | H100: 650 | I100: us | J100: 0 | K100: 7.994 | L100: 24 | M100: mww | N100: 25 | O100: -30.2144 | P100: -177.773 | Q100: Kermadec Islands, New Zealand | T100: =IF(C100="","",DATE(VALUE(MID(C100,7,4)),VALUE(MID(C100,4,2)),VALUE(MID(C100,1,2)))+TIME(VALUE(MID(C100,12,2)),VALUE(MID(C100,15,2)),0)) -> 44367.712 | U100: =IFERROR(IF(ISNUMBER(VALUE(TRIM(MID(A100,FIND("-",A100)+1,FIND("km",A100)-FIND("-",A100)-1)))),"Distance + direction + city","Named-region"),"Named-region") -> Named-region | V100: =LOWER(M100) -> mww | W100: =COUNTIFS($A$2:$A$1001,A100,$C$2:$C$1001,C100) -> 1 | X100: =IF(W100>1,"Duplicate","Unique") -> Unique | Y100: =IF(B100<6.5,"<6.5",IF(B100<7,"6.5–6.9",IF(B100<7.5,"7.0–7.4",IF(B100<8,"7.5–7.9","8.0+")))) -> 6.5–6.9 | Z100: =IF(T100="","",YEAR(T100)) -> 2021
...

Sheet Task1_Exploration
A1: LAB 3 — TASK 1: EXCEL-BASED EXPLORATION
A3: Metric | B3: Formula / Result | C3: Purpose
A4: Number of records | B4: =COUNTA(Working_Data!A2:A1001) -> 1000 | C4: Total dataset records
A5: Minimum magnitude | B5: =MIN(Working_Data!B2:B1001) -> 6.5 | C5: Magnitude range
A6: Maximum magnitude | B6: =MAX(Working_Data!B2:B1001) -> 9.1 | C6: Magnitude range
A7: Average magnitude | B7: =AVERAGE(Working_Data!B2:B1001) -> 6.94015 | C7: Average magnitude
A8: Minimum depth | B8: =MIN(Working_Data!N2:N1001) -> 2.7 | C8: Depth range
A9: Maximum depth | B9: =MAX(Working_Data!N2:N1001) -> 670.81 | C9: Depth range
A10: Average depth | B10: =AVERAGE(Working_Data!N2:N1001) -> 74.612541 | C10: Average depth
A11: Blank alert | B11: =COUNTBLANK(Working_Data!F2:F1001) -> 551 | C11: Missing alert values
A12: Blank continent | B12: =COUNTBLANK(Working_Data!R2:R1001) -> 716 | C12: Missing continent values
A13: Blank country | B13: =COUNTBLANK(Working_Data!S2:S1001) -> 349 | C13: Missing country values
A14: Blank location | B14: =COUNTBLANK(Working_Data!Q2:Q1001) -> 6 | C14: Missing location values
A17: Magnitude Type | B17: Count | D17: Alert Level | E17: Count | G17: Magnitude Band | H17: Count
A18: Mi | B18: =COUNTIF(Working_Data!M2:M1001,A18) -> 5 | D18: (blank) | E18: =COUNTIF(Working_Data!F2:F1001,"") -> 551 | G18: <6.5 | H18: =COUNTIF(Working_Data!Y2:Y1001,G18) -> 0
A19: mb | B19: =COUNTIF(Working_Data!M2:M1001,A19) -> 4 | D19: green | E19: =COUNTIF(Working_Data!F2:F1001,D19) -> 353 | G19: 6.5–6.9 | H19: =COUNTIF(Working_Data!Y2:Y1001,G19) -> 627
A20: md | B20: =COUNTIF(Working_Data!M2:M1001,A20) -> 2 | D20: yellow | E20: =COUNTIF(Working_Data!F2:F1001,D20) -> 59 | G20: 7.0–7.4 | H20: =COUNTIF(Working_Data!Y2:Y1001,G20) -> 229
A21: ml | B21: =COUNTIF(Working_Data!M2:M1001,A21) -> 1 | D21: orange | E21: =COUNTIF(Working_Data!F2:F1001,D21) -> 24 | G21: 7.5–7.9 | H21: =COUNTIF(Working_Data!Y2:Y1001,G21) -> 112
A22: ms | B22: =COUNTIF(Working_Data!M2:M1001,A22) -> 3 | D22: red | E22: =COUNTIF(Working_Data!F2:F1001,D22) -> 13 | G22: 8.0+ | H22: =COUNTIF(Working_Data!Y2:Y1001,G22) -> 32
A23: mw | B23: =COUNTIF(Working_Data!M2:M1001,A23) -> 51
A24: mwb | B24: =COUNTIF(Working_Data!M2:M1001,A24) -> 100
A25: mwc | B25: =COUNTIF(Working_Data!M2:M1001,A25) -> 332
A26: mww | B26: =COUNTIF(Working_Data!M2:M1001,A26) -> 502
A29: Year | B29: Event Count
A30: 1995 | B30: =COUNTIF(Working_Data!Z2:Z1001,A30) -> 29
A31: 1996 | B31: =COUNTIF(Working_Data!Z2:Z1001,A31) -> 35
A32: 1997 | B32: =COUNTIF(Working_Data!Z2:Z1001,A32) -> 28
A33: 1998 | B33: =COUNTIF(Working_Data!Z2:Z1001,A33) -> 23
A34: 1999 | B34: =COUNTIF(Working_Data!Z2:Z1001,A34) -> 33
A35: 2000 | B35: =COUNTIF(Working_Data!Z2:Z1001,A35) -> 35
A36: 2001 | B36: =COUNTIF(Working_Data!Z2:Z1001,A36) -> 28
A37: 2002 | B37: =COUNTIF(Working_Data!Z2:Z1001,A37) -> 25
A38: 2003 | B38: =COUNTIF(Working_Data!Z2:Z1001,A38) -> 31
A39: 2004 | B39: =COUNTIF(Working_Data!Z2:Z1001,A39) -> 32
A40: 2005 | B40: =COUNTIF(Working_Data!Z2:Z1001,A40) -> 28
A41: 2006 | B41: =COUNTIF(Working_Data!Z2:Z1001,A41) -> 26
A42: 2007 | B42: =COUNTIF(Working_Data!Z2:Z1001,A42) -> 37
A43: 2008 | B43: =COUNTIF(Working_Data!Z2:Z1001,A43) -> 25
A44: 2009 | B44: =COUNTIF(Working_Data!Z2:Z1001,A44) -> 26
A45: 2010 | B45: =COUNTIF(Working_Data!Z2:Z1001,A45) -> 41
A46: 2011 | B46: =COUNTIF(Working_Data!Z2:Z1001,A46) -> 34
A47: 2012 | B47: =COUNTIF(Working_Data!Z2:Z1001,A47) -> 31
A48: 2013 | B48: =COUNTIF(Working_Data!Z2:Z1001,A48) -> 53
A49: 2014 | B49: =COUNTIF(Working_Data!Z2:Z1001,A49) -> 48
A50: 2015 | B50: =COUNTIF(Working_Data!Z2:Z1001,A50) -> 53
A51: 2016 | B51: =COUNTIF(Working_Data!Z2:Z1001,A51) -> 43
A52: 2017 | B52: =COUNTIF(Working_Data!Z2:Z1001,A52) -> 36
A53: 2018 | B53: =COUNTIF(Working_Data!Z2:Z1001,A53) -> 43
A54: 2019 | B54: =COUNTIF(Working_Data!Z2:Z1001,A54) -> 33
A55: 2020 | B55: =COUNTIF(Working_Data!Z2:Z1001,A55) -> 27
A56: 2021 | B56: =COUNTIF(Working_Data!Z2:Z1001,A56) -> 42
A57: 2022 | B57: =COUNTIF(Working_Data!Z2:Z1001,A57) -> 41
A58: 2023 | B58: =COUNTIF(Working_Data!Z2:Z1001,A58) -> 34

Sheet Task2_Quality_Audit
A1: LAB 3 — TASK 2: DATA TYPE & QUALITY AUDIT
A3: Column | B3: Data Type | C3: Blank Count | D3: Blank % | E3: Audit / Formula | F3: Finding
A4: title | B4: text | C4: =COUNTBLANK(Working_Data!B2:B1001) -> 0 | D4: =C4/1000 -> 0 | E4: =IFERROR(COUNTBLANK(Working_Data!F2:F1001)/1000,0) -> 0.551 | F4: Review blanks / type as classified
A5: magnitude | B5: numeric | C5: =COUNTBLANK(Working_Data!C2:C1001) -> 0 | D5: =C5/1000 -> 0 | E5: =COUNTBLANK(Working_Data!C2:C1001) -> 0 | F5: Review blanks / type as classified
A6: date_time | B6: text | C6: =COUNTBLANK(Working_Data!D2:D1001) -> 0 | D6: =C6/1000 -> 0 | E6: =COUNTBLANK(Working_Data!D2:D1001) -> 0 | F6: Review blanks / type as classified
A7: cdi | B7: numeric | C7: =COUNTBLANK(Working_Data!E2:E1001) -> 0 | D7: =C7/1000 -> 0 | E7: =COUNTBLANK(Working_Data!E2:E1001) -> 0 | F7: Review blanks / type as classified
A8: mmi | B8: numeric | C8: =COUNTBLANK(Working_Data!F2:F1001) -> 551 | D8: =C8/1000 -> 0.551 | E8: =COUNTBLANK(Working_Data!F2:F1001) -> 551 | F8: Review blanks / type as classified
A9: alert | B9: categorical | C9: =COUNTBLANK(Working_Data!G2:G1001) -> 0 | D9: =C9/1000 -> 0 | E9: =COUNTBLANK(Working_Data!G2:G1001) -> 0 | F9: Review blanks / type as classified
A10: tsunami | B10: numeric | C10: =COUNTBLANK(Working_Data!H2:H1001) -> 0 | D10: =C10/1000 -> 0 | E10: =COUNTBLANK(Working_Data!H2:H1001) -> 0 | F10: Review blanks / type as classified
A11: sig | B11: numeric | C11: =COUNTBLANK(Working_Data!I2:I1001) -> 0 | D11: =C11/1000 -> 0 | E11: =COUNTBLANK(Working_Data!I2:I1001) -> 0 | F11: Review blanks / type as classified
A12: net | B12: categorical | C12: =COUNTBLANK(Working_Data!J2:J1001) -> 0 | D12: =C12/1000 -> 0 | E12: =COUNTBLANK(Working_Data!J2:J1001) -> 0 | F12: Review blanks / type as classified
A13: nst | B13: numeric | C13: =COUNTBLANK(Working_Data!K2:K1001) -> 0 | D13: =C13/1000 -> 0 | E13: =COUNTBLANK(Working_Data!K2:K1001) -> 0 | F13: Review blanks / type as classified
A14: dmin | B14: numeric | C14: =COUNTBLANK(Working_Data!L2:L1001) -> 0 | D14: =C14/1000 -> 0 | E14: =COUNTBLANK(Working_Data!L2:L1001) -> 0 | F14: Review blanks / type as classified
A15: gap | B15: numeric | C15: =COUNTBLANK(Working_Data!M2:M1001) -> 0 | D15: =C15/1000 -> 0 | E15: =COUNTBLANK(Working_Data!M2:M1001) -> 0 | F15: Review blanks / type as classified
A16: magType | B16: categorical | C16: =COUNTBLANK(Working_Data!N2:N1001) -> 0 | D16: =C16/1000 -> 0 | E16: =COUNTBLANK(Working_Data!N2:N1001) -> 0 | F16: Review blanks / type as classified
A17: depth | B17: numeric | C17: =COUNTBLANK(Working_Data!O2:O1001) -> 0 | D17: =C17/1000 -> 0 | E17: =COUNTBLANK(Working_Data!O2:O1001) -> 0 | F17: Review blanks / type as classified
A18: latitude | B18: numeric | C18: =COUNTBLANK(Working_Data!P2:P1001) -> 0 | D18: =C18/1000 -> 0 | E18: =COUNTBLANK(Working_Data!P2:P1001) -> 0 | F18: Review blanks / type as classified
A19: longitude | B19: numeric | C19: =COUNTBLANK(Working_Data!Q2:Q1001) -> 6 | D19: =C19/1000 -> 0.006 | E19: =COUNTBLANK(Working_Data!Q2:Q1001) -> 6 | F19: Review blanks / type as classified
A20: location | B20: text | C20: =COUNTBLANK(Working_Data!R2:R1001) -> 716 | D20: =C20/1000 -> 0.716 | E20: =COUNTBLANK(Working_Data!R2:R1001) -> 716 | F20: Review blanks / type as classified
A21: continent | B21: categorical | C21: =COUNTBLANK(Working_Data!S2:S1001) -> 349 | D21: =C21/1000 -> 0.349 | E21: =COUNTBLANK(Working_Data!S2:S1001) -> 349 | F21: Review blanks / type as classified
A22: country | B22: categorical | C22: =COUNTBLANK(Working_Data!T2:T1001) -> 0 | D22: =C22/1000 -> 0 | E22: =COUNTBLANK(Working_Data!T2:T1001) -> 0 | F22: Review blanks / type as classified
A26: Formula-driven checks
A27: Raw date_time ISNUMBER (first data cell) | B27: =ISNUMBER(Working_Data!C2) -> FALSE | C27: Should be FALSE
A28: Converted datetime ISNUMBER (first data cell) | B28: =ISNUMBER(Working_Data!T2) -> TRUE | C28: Should be TRUE
A29: Distance-pattern title count | B29: =COUNTIF(Working_Data!U2:U1001,"Distance + direction + city") -> 869 | C29: Pattern count
A30: Named-region title count | B30: =COUNTIF(Working_Data!U2:U1001,"Named-region") -> 131 | C30: Pattern count
A31: Duplicated rows | B31: =COUNTIF(Working_Data!X2:X1001,"Duplicate") -> 4 | C31: Rows with duplicate title+timestamp
A32: Unique rows | B32: =COUNTIF(Working_Data!X2:X1001,"Unique") -> 996 | C32: Rows not duplicated
A34: MagType casing check
A35: Distinct before normalization | B35: =COUNTA(Task1_Exploration!A18:A26) -> 9
A36: Distinct after normalization | B36: =SUMPRODUCT(1/COUNTIF(Working_Data!V2:V1001,Working_Data!V2:V1001)) -> 9

Sheet PivotTables
A1: PIVOT TABLE SUMMARIES (formula-driven, refresh automatically)
A3: Alert Level | B3: Event Count | D3: magType (raw) | E3: Count | G3: magType (normalized) | H3: Count
A4: (blank) | B4: =COUNTIF(Working_Data!F2:F1001,"") -> 551 | D4: Mi | E4: =COUNTIF(Working_Data!M2:M1001,D4) -> 5 | G4: mb | H4: =COUNTIF(Working_Data!V2:V1001,G4) -> 4
A5: green | B5: =COUNTIF(Working_Data!F2:F1001,A5) -> 353 | D5: mb | E5: =COUNTIF(Working_Data!M2:M1001,D5) -> 4 | G5: md | H5: =COUNTIF(Working_Data!V2:V1001,G5) -> 2
A6: yellow | B6: =COUNTIF(Working_Data!F2:F1001,A6) -> 59 | D6: md | E6: =COUNTIF(Working_Data!M2:M1001,D6) -> 2 | G6: mi | H6: =COUNTIF(Working_Data!V2:V1001,G6) -> 5
A7: orange | B7: =COUNTIF(Working_Data!F2:F1001,A7) -> 24 | D7: ml | E7: =COUNTIF(Working_Data!M2:M1001,D7) -> 1 | G7: ml | H7: =COUNTIF(Working_Data!V2:V1001,G7) -> 1
A8: red | B8: =COUNTIF(Working_Data!F2:F1001,A8) -> 13 | D8: ms | E8: =COUNTIF(Working_Data!M2:M1001,D8) -> 3 | G8: ms | H8: =COUNTIF(Working_Data!V2:V1001,G8) -> 3
D9: mw | E9: =COUNTIF(Working_Data!M2:M1001,D9) -> 51 | G9: mw | H9: =COUNTIF(Working_Data!V2:V1001,G9) -> 51
D10: mwb | E10: =COUNTIF(Working_Data!M2:M1001,D10) -> 100 | G10: mwb | H10: =COUNTIF(Working_Data!V2:V1001,G10) -> 100
D11: mwc | E11: =COUNTIF(Working_Data!M2:M1001,D11) -> 332 | G11: mwc | H11: =COUNTIF(Working_Data!V2:V1001,G11) -> 332
A12: Magnitude Band | B12: Count | D12: Title Pattern | E12: Count | G12: Duplicate Status | H12: Count
A13: <6.5 | B13: =COUNTIF(Working_Data!Y2:Y1001,A13) -> 0 | D13: Distance + direction + city | E13: =COUNTIF(Working_Data!U2:U1001,D13) -> 869 | G13: Unique | H13: =COUNTIF(Working_Data!X2:X1001,G13) -> 996
A14: 6.5–6.9 | B14: =COUNTIF(Working_Data!Y2:Y1001,A14) -> 627 | D14: Named-region | E14: =COUNTIF(Working_Data!U2:U1001,D14) -> 131 | G14: Duplicate | H14: =COUNTIF(Working_Data!X2:X1001,G14) -> 4
A15: 7.0–7.4 | B15: =COUNTIF(Working_Data!Y2:Y1001,A15) -> 229
A16: 7.5–7.9 | B16: =COUNTIF(Working_Data!Y2:Y1001,A16) -> 112
A17: 8.0+ | B17: =COUNTIF(Working_Data!Y2:Y1001,A17) -> 32
A20: Note: These tables are formula-driven PivotTable-style summaries and recalculate automatically with the dataset.

Sheet Dashboard
A1: EARTHQUAKE DATA EXPLORATION — INTERACTIVE DASHBOARD
A3: KPI | B3: Value | D3: Alert | E3: Count
A4: Records | B4: =COUNTA(Working_Data!A2:A1001) -> 1000 | D4: (blank) | E4: =PivotTables!B4 -> 551
A5: Avg Magnitude | B5: =AVERAGE(Working_Data!B2:B1001) -> 6.94015 | D5: green | E5: =PivotTables!B5 -> 353
A6: Max Magnitude | B6: =MAX(Working_Data!B2:B1001) -> 9.1 | D6: yellow | E6: =PivotTables!B6 -> 59
A7: Min Depth | B7: =MIN(Working_Data!N2:N1001) -> 2.7 | D7: orange | E7: =PivotTables!B7 -> 24
A8: Max Depth | B8: =MAX(Working_Data!N2:N1001) -> 670.81 | D8: red | E8: =PivotTables!B8 -> 13
A9: Blank Alert % | B9: =COUNTBLANK(Working_Data!F2:F1001)/1000 -> 0.551
A10: Blank Continent % | B10: =COUNTBLANK(Working_Data!R2:R1001)/1000 -> 0.716
A11: Blank Country % | B11: =COUNTBLANK(Working_Data!S2:S1001)/1000 -> 0.349
A12: Blank Location % | B12: =COUNTBLANK(Working_Data!Q2:Q1001)/1000 -> 0.006 | D12: Magnitude Band | E12: Count
A13: Duplicate Rows | B13: =COUNTIF(Working_Data!X2:X1001,"Duplicate") -> 4 | D13: <6.5 | E13: =PivotTables!B13 -> 0
D14: 6.5–6.9 | E14: =PivotTables!B14 -> 627
D15: 7.0–7.4 | E15: =PivotTables!B15 -> 229
A16: Dashboard note | B16: Use the Working_Data filters and formula summaries for interactive exploration. All KPI/count outputs are live formulas.

Sheet Data_Type_Classification
A1: 19-COLUMN DATA TYPE CLASSIFICATION
A3: Column | B3: Data Type | C3: Why / Role | D3: Quality Note
A4: title | B4: text | C4: Earthquake title/location string | D4: Mixed title formats
A5: magnitude | B5: numeric | C5: Magnitude value | D5: Range/profile
A6: date_time | B6: datetime (raw is text) | C6: Event date and time | D6: Convert using helper
A7: cdi | B7: numeric | C7: Community intensity measure | D7: May be blank
A8: mmi | B8: numeric | C8: Modified Mercalli intensity | D8: May be blank
A9: alert | B9: categorical | C9: Hazard alert level | D9: Many blanks
A10: tsunami | B10: numeric | C10: Binary tsunami indicator | D10: 0/1
A11: sig | B11: numeric | C11: Significance score | D11: Numeric
A12: net | B12: categorical | C12: Network/source code | D12: Categorical code
A13: nst | B13: numeric | C13: Number of stations | D13: Numeric
A14: dmin | B14: numeric | C14: Minimum distance | D14: Numeric
... A22: country | B22: categorical | C22: Country | D22: Some missing

Sheet Quality_Summary
A1: DATA QUALITY SUMMARY — ISSUE → LAB 4 FIX
A3: Issue Found | B3: Evidence / Formula | C3: Impact | D3: Fix to Apply in Lab 4
A4: Missing alert values | B4: =COUNTBLANK(Working_Data!F2:F1001)/1000 -> 0.551 | C4: Alert unassigned for many events | D4: Keep missing as NA/unknown unless a defensible imputation rule is defined.
A5: Missing continent | B5: =COUNTBLANK(Working_Data!R2:R1001)/1000 -> 0.716 | C5: Geographic grouping incomplete | D5: Retain missing category or derive from coordinates with a documented method.
A6: Missing country | B6: =COUNTBLANK(Working_Data!S2:S1001)/1000 -> 0.349 | C6: Country analysis incomplete | D6: Retain missing category or derive consistently from coordinates.
A7: Missing location | B7: =COUNTBLANK(Working_Data!Q2:Q1001)/1000 -> 0.006 | C7: Location text incomplete | D7: Preserve missing values; avoid unsupported manual filling.
A8: date_time stored as text | B8: =ISNUMBER(Working_Data!C2) -> 0 | C8: Sorting/time analysis can fail | D8: Convert to true datetime (helper column T).
A9: Mixed magType casing | B9: =COUNTA(Working_Data!M2:M1001)-COUNTA(Working_Data!V2:V1001) -> 0 | C9: Same method can split into categories | D9: Normalize magType with LOWER.
A10: Mixed title formats | B10: =COUNTIF(Working_Data!U2:U1001,"Named-region") -> 131 | C10: Distance-based parsing may not work for all rows | D10: Use pattern flag; handle named regions separately.
A11: Near-duplicate events | B11: =COUNTIF(Working_Data!X2:X1001,"Duplicate") -> 4 | C11: Can inflate counts | D11: Review title+timestamp duplicates and deduplicate with a documented rule.

Sheet Formula_Guide
A1: FORMULA / AUDIT GUIDE
A3: Requirement | B3: Implemented In | C3: Formula / Method
A4: COUNTA, COUNTBLANK, COUNTIF, COUNTIFS, ISNUMBER, MIN, MAX, AVERAGE | B4: Task1_Exploration / Task2_Quality_Audit / Working_Data | C4: Live Excel formulas across dataset ranges
A5: PivotTable requirement | B5: PivotTables | C5: Formula-driven pivot-style summaries for alert, magType, magnitude band, title pattern and duplicates
A6: Date conversion | B6: Working_Data column T | C6: DATE + MID + TIME
A7: Title pattern flag | B7: Working_Data column U | C7: FIND + MID + VALUE + ISNUMBER
A8: magType normalization | B8: Working_Data column V | C8: LOWER
A9: Duplicate flag | B9: Working_Data columns W:X | C9: COUNTIFS on title and raw date_time
A10: Magnitude bands | B10: Working_Data column Y | C10: Nested IF
A11: Year helper | B11: Working_Data column Z | C11: YEAR of converted datetime
A12: Chart requirement | B12: Task1_Exploration / Dashboard | C12: Bar, line and pie charts linked to live summary formulas
A13: Interactive dashboard | B13: Dashboard | C13: KPI formulas, alert and magnitude-band charts, filterable Working_Data

Sheet Pivot_Alert_Actual
A1: ACTUAL PIVOTTABLE — EVENT COUNT BY ALERT (blank included)
A3: Filter
A5: alert | B5: Count - title
A6: green | B6: 353
A7: orange | B7: 24
A8: red | B8: 13
A9: yellow | B9: 59
A10: (empty) | B10: 551
A11: Total Result | B11: 1000

Sheet Pivot_MagType_Actual
A1: ACTUAL PIVOTTABLE — EVENT COUNT BY MAGNITUDE TYPE
A3: Filter
A5: magType | B5: Count - title
A6: mb | B6: 4
A7: md | B7: 2
A8: Mi | B8: 5
A9: ml | B9: 1
A10: ms | B10: 3
A11: mw | B11: 51
A12: mwb | B12: 100
A13: mwc | B13: 332
A14: mww | B14: 502
A15: Total Result | B15: 1000

Sheet Pivot_TitlePattern_Actual
A1: ACTUAL PIVOTTABLE — EVENT COUNT BY TITLE PATTERN
A3: Filter
A5: Title_Pattern | B5: Count - title
A6: Distance + direction + city | B6: 869
A7: Named-region | B7: 131
A8: Total Result | B8: 1000
